id,first_name,last_name,email,gender,ip_address
1,Oren,Fevers,ofevers0@bing.com,Male,239.113.162.151
2,Rosabel,Dominicacci,rdominicacci1@foxnews.com,Female,71.222.253.198
3,Riki,Cocker,rcocker2@foxnews.com,Female,78.176.94.160
4,Jobye,Breedy,jbreedy3@myspace.com,Female,209.16.81.15
5,Teodoro,Sloley,tsloley4@dion.ne.jp,Male,41.9.184.220
6,Arnie,Biever,abiever5@gizmodo.com,Male,12.62.52.185
7,Winnie,Anselmi,wanselmi6@utexas.edu,Male,87.17.194.140
8,Shep,Riddel,sriddel7@hhs.gov,Male,153.41.194.69
9,Janie,Matiebe,jmatiebe8@ebay.co.uk,Female,227.16.142.8
10,Ginger,Stolz,gstolz9@mtv.com,Female,135.202.85.45
11,Schuyler,Wyse,swysea@google.it,Male,145.87.49.54
12,Gawen,Toovey,gtooveyb@mail.ru,Male,146.126.60.185
13,Kaitlin,Vassman,kvassmanc@vistaprint.com,Female,72.65.238.102
14,Delmar,Polland,dpollandd@usnews.com,Male,244.84.194.118
15,Sena,Vice,svicee@techcrunch.com,Female,78.104.110.183
16,Brody,Ockwell,bockwellf@gov.uk,Male,171.155.179.244
17,Lenore,Dulwitch,ldulwitchg@360.cn,Female,111.70.182.228
18,Waverley,Issacov,wissacovh@purevolume.com,Male,86.25.229.38
19,Alonzo,Whiteford,awhitefordi@miibeian.gov.cn,Male,172.52.51.234
20,Pebrook,Andrejevic,pandrejevicj@intel.com,Male,125.214.238.10
21,Culley,Croyden,ccroydenk@msn.com,Male,51.231.223.35
22,Rene,Spat,rspatl@loc.gov,Female,194.150.105.150
23,Reed,Crews,rcrewsm@ucla.edu,Male,240.72.166.107
24,Joelie,Wybern,jwybernn@phoca.cz,Female,208.215.174.249
25,Dorine,Ledley,dledleyo@patch.com,Female,234.208.99.173
26,Gustave,Cruft,gcruftp@gov.uk,Male,198.186.124.123
27,Zarah,Delacote,zdelacoteq@mapy.cz,Female,162.167.251.155
28,Herby,Zavattiero,hzavattieror@quantcast.com,Male,136.71.189.193
29,Trenna,Griston,tgristons@wisc.edu,Female,199.5.73.58
30,Trenton,Cosstick,tcosstickt@nbcnews.com,Male,132.49.180.94
31,Mendy,Rozenzweig,mrozenzweigu@marketwatch.com,Male,219.73.97.168
32,Ophelie,Umbers,oumbersv@sitemeter.com,Female,131.67.162.59
33,Alain,Hexham,ahexhamw@bigcartel.com,Male,179.161.29.116
34,Hewe,Fleischmann,hfleischmannx@clickbank.net,Male,95.66.212.146
35,Margaret,Ferriman,mferrimany@cisco.com,Female,231.102.194.228
36,Derry,Honacker,dhonackerz@nasa.gov,Male,10.154.117.175
37,Byrle,Binnell,bbinnell10@samsung.com,Male,83.148.146.243
38,Bonnie,Landre,blandre11@bloglines.com,Female,162.35.204.131
39,Doretta,Gatteridge,dgatteridge12@slashdot.org,Female,20.88.132.204
40,Nikki,Noe,nnoe13@symantec.com,Female,98.94.154.187
41,Gui,McPhater,gmcphater14@last.fm,Female,80.50.91.59
42,Kalina,Linkie,klinkie15@dion.ne.jp,Female,246.34.168.177
43,Alfonso,Wicher,awicher16@discuz.net,Male,7.192.205.58
44,Abbot,Minchin,aminchin17@fema.gov,Male,253.213.152.45
45,Fredrika,Arnau,farnau18@imgur.com,Female,63.86.193.141
46,Alvy,Bene,abene19@ft.com,Male,89.10.116.161
47,Trista,Finnie,tfinnie1a@prnewswire.com,Female,75.221.176.178
48,Christalle,Ridge,cridge1b@fema.gov,Female,107.43.207.2
49,Merci,Shuttlewood,mshuttlewood1c@liveinternet.ru,Female,120.185.64.119
50,Roger,Northwood,rnorthwood1d@meetup.com,Male,157.75.157.251
51,Fabian,Fursse,ffursse1e@mit.edu,Male,67.184.129.21
52,Raddy,Battershall,rbattershall1f@flickr.com,Male,166.126.55.18
53,Hillard,Aulds,haulds1g@biglobe.ne.jp,Male,89.106.236.248
54,Antonella,Atyea,aatyea1h@blog.com,Female,255.211.125.131
55,Lou,Zoanetti,lzoanetti1i@craigslist.org,Female,156.121.238.37
56,Rawley,Rettie,rrettie1j@jigsy.com,Male,201.123.218.200
57,Melania,Baudrey,mbaudrey1k@homestead.com,Female,73.73.129.208
58,Rufe,McInility,rmcinility1l@apache.org,Male,20.204.7.188
59,Merrill,Spellicy,mspellicy1m@surveymonkey.com,Female,76.127.246.144
60,Micky,Swafield,mswafield1n@state.gov,Male,60.62.209.124
61,Jehanna,Till,jtill1o@newsvine.com,Female,213.198.206.118
62,Keefe,Petrosian,kpetrosian1p@hud.gov,Male,102.28.125.22
63,Jasmine,O'Scollee,joscollee1q@epa.gov,Female,208.88.91.160
64,Tom,Benettelli,tbenettelli1r@goo.gl,Male,201.247.163.191
65,Natty,Ackerman,nackerman1s@canalblog.com,Male,4.137.220.110
66,Tait,Croan,tcroan1t@quantcast.com,Male,10.94.25.128
67,Lonnie,Maddams,lmaddams1u@craigslist.org,Female,164.1.193.91
68,Debora,Cope,dcope1v@4shared.com,Female,205.225.163.132
69,Ludovico,Colles,lcolles1w@desdev.cn,Male,244.129.112.88
70,Cointon,Kennedy,ckennedy1x@shutterfly.com,Male,68.203.78.103
71,Andras,Abercrombie,aabercrombie1y@csmonitor.com,Male,254.66.224.243
72,Shelton,Wherrett,swherrett1z@privacy.gov.au,Male,185.67.140.192
73,Rolland,Larmet,rlarmet20@multiply.com,Male,34.87.172.51
74,Clair,Skirlin,cskirlin21@google.co.uk,Male,226.176.114.120
75,Monica,Yglesias,myglesias22@wordpress.org,Female,3.27.214.86
76,Danyette,Strand,dstrand23@europa.eu,Female,214.200.179.210
77,Aviva,McKirdy,amckirdy24@archive.org,Female,157.104.231.187
78,Neala,Forseith,nforseith25@storify.com,Female,164.128.172.201
79,Catlin,Taaffe,ctaaffe26@nymag.com,Female,78.102.145.239
80,Fonsie,Hallahan,fhallahan27@yahoo.com,Male,148.228.38.73
81,Brit,Jaher,bjaher28@google.fr,Male,121.35.191.144
82,Gordon,Merriton,gmerriton29@marriott.com,Male,69.81.177.158
83,Joelynn,Angrove,jangrove2a@scientificamerican.com,Female,127.160.89.5
84,Regen,Stanlick,rstanlick2b@hud.gov,Male,192.75.84.176
85,Damara,Bentke,dbentke2c@europa.eu,Female,175.167.253.80
86,Hillery,Penton,hpenton2d@feedburner.com,Male,179.123.238.168
87,Cly,Jacqueminet,cjacqueminet2e@theguardian.com,Male,88.85.247.118
88,Chane,Dell Casa,cdellcasa2f@unicef.org,Male,228.152.165.238
89,Laughton,Qusklay,lqusklay2g@mayoclinic.com,Male,82.111.208.240
90,Rois,Beccles,rbeccles2h@oakley.com,Female,1.43.110.243
91,Antons,Hamilton,ahamilton2i@sina.com.cn,Male,222.124.124.12
92,Bridget,Sorrie,bsorrie2j@blogs.com,Female,43.209.201.125
93,Ferd,Wanley,fwanley2k@cocolog-nifty.com,Male,126.190.237.255
94,Skelly,Laviste,slaviste2l@samsung.com,Male,47.133.127.226
95,Dannel,Hardey,dhardey2m@cdc.gov,Male,152.221.193.151
96,Faustine,Kopman,fkopman2n@alexa.com,Female,182.201.164.139
97,Ricki,Cattermoul,rcattermoul2o@mac.com,Female,128.248.216.149
98,Delmar,Tankus,dtankus2p@mashable.com,Male,65.27.26.180
99,Danielle,Thridgould,dthridgould2q@cnet.com,Female,121.171.8.11
100,Cass,Kennan,ckennan2r@mac.com,Male,247.112.0.171
101,Ange,Starie,astarie2s@ca.gov,Male,27.43.168.212
102,Katee,Graham,kgraham2t@themeforest.net,Female,127.88.63.121
103,Cordelie,Rief,crief2u@tinypic.com,Female,209.238.160.235
104,Michal,Elston,melston2v@free.fr,Female,204.205.233.154
105,Quinn,Samwaye,qsamwaye2w@digg.com,Male,140.0.233.141
106,Judye,Manicom,jmanicom2x@macromedia.com,Female,193.16.19.54
107,Salome,Morphew,smorphew2y@earthlink.net,Female,199.193.20.57
108,Antoine,O'Dempsey,aodempsey2z@goo.gl,Male,96.168.44.213
109,Dolorita,Crampin,dcrampin30@ebay.co.uk,Female,109.189.169.138
110,Howey,Andrysiak,handrysiak31@businessweek.com,Male,97.5.214.83
111,Andra,Donavan,adonavan32@tinyurl.com,Female,196.211.114.123
112,Fabio,Driscoll,fdriscoll33@mapquest.com,Male,211.167.144.74
113,Aldo,Hinnerk,ahinnerk34@freewebs.com,Male,211.52.255.255
114,Kenon,Steptow,ksteptow35@ted.com,Male,167.73.250.139
115,Lola,Ingilson,lingilson36@163.com,Female,149.131.125.185
116,Mabel,Robinet,mrobinet37@google.ru,Female,246.119.36.110
117,Hoyt,Vanyatin,hvanyatin38@digg.com,Male,46.170.185.19
118,Gottfried,Kilfeder,gkilfeder39@dyndns.org,Male,204.18.27.211
119,Betsy,Dorkins,bdorkins3a@goodreads.com,Female,92.202.38.24
120,Nonie,Rowlin,nrowlin3b@domainmarket.com,Female,49.33.52.156
121,Maurice,Perrone,mperrone3c@amazon.com,Male,167.245.77.220
122,Addie,O'Nion,aonion3d@addtoany.com,Female,10.5.2.83
123,Bethina,Rawsthorne,brawsthorne3e@nhs.uk,Female,108.161.16.55
124,Travers,Lente,tlente3f@icq.com,Male,108.192.228.184
125,Blondie,Egdal,begdal3g@china.com.cn,Female,95.120.198.75
126,Gay,Corinton,gcorinton3h@1und1.de,Female,250.170.254.7
127,Desdemona,Newlove,dnewlove3i@cargocollective.com,Female,152.178.17.153
128,Sissy,De Luna,sdeluna3j@furl.net,Female,198.67.170.14
129,Prue,Hallahan,phallahan3k@alexa.com,Female,209.58.166.202
130,Silas,McPheat,smcpheat3l@statcounter.com,Male,128.32.134.89
131,Garwin,Fantini,gfantini3m@baidu.com,Male,40.114.32.194
132,Maighdiln,Bollini,mbollini3n@barnesandnoble.com,Female,214.137.212.209
133,Avie,Regis,aregis3o@state.tx.us,Female,154.153.71.241
134,Loretta,De Launde,ldelaunde3p@virginia.edu,Female,208.111.103.185
135,Candis,Barczynski,cbarczynski3q@gnu.org,Female,108.149.15.136
136,Nikolas,Le Bosse,nlebosse3r@gizmodo.com,Male,154.152.187.104
137,Arabela,Chesterman,achesterman3s@wp.com,Female,100.136.85.47
138,Lucilia,Allridge,lallridge3t@t.co,Female,52.178.166.250
139,Klara,Bussell,kbussell3u@angelfire.com,Female,232.62.242.214
140,Zerk,Kalkofen,zkalkofen3v@mediafire.com,Male,203.210.160.125
141,Bibbie,Punt,bpunt3w@cornell.edu,Female,12.102.94.55
142,Angus,Cowlam,acowlam3x@businessinsider.com,Male,153.80.242.156
143,Levi,Coneybeare,lconeybeare3y@boston.com,Male,225.210.101.63
144,Octavius,Crossfield,ocrossfield3z@fastcompany.com,Male,200.207.40.165
145,Rog,Burgher,rburgher40@bizjournals.com,Male,248.164.86.3
146,Doretta,Lambertz,dlambertz41@quantcast.com,Female,57.87.250.101
147,Jayne,Haslehurst,jhaslehurst42@ox.ac.uk,Female,142.191.29.185
148,Marcelia,Gronw,mgronw43@over-blog.com,Female,199.128.192.75
149,Shadow,Grenter,sgrenter44@xrea.com,Male,49.39.16.116
150,Josee,Cornil,jcornil45@craigslist.org,Female,33.225.105.89
151,Edmund,Filinkov,efilinkov46@stanford.edu,Male,142.229.35.19
152,Alberta,Tennant,atennant47@vk.com,Female,20.192.157.40
153,Beitris,Huyton,bhuyton48@sina.com.cn,Female,230.212.154.241
154,Warner,Brigham,wbrigham49@si.edu,Male,123.242.113.221
155,Mattias,Mohun,mmohun4a@engadget.com,Male,80.108.145.127
156,Kirsten,Duck,kduck4b@e-recht24.de,Female,88.3.51.230
157,Porty,Ashington,pashington4c@psu.edu,Male,39.253.58.89
158,Wallis,Nuzzi,wnuzzi4d@twitter.com,Male,6.143.106.11
159,Olwen,Laugharne,olaugharne4e@joomla.org,Female,12.1.214.125
160,Jessalin,Wanden,jwanden4f@qq.com,Female,98.123.249.171
161,Portie,Grute,pgrute4g@msn.com,Male,22.174.73.100
162,Florian,MacKey,fmackey4h@yelp.com,Male,134.178.152.234
163,Theodoric,Stockau,tstockau4i@php.net,Male,89.159.201.77
164,Diane-marie,Dat,ddat4j@nationalgeographic.com,Female,216.69.76.113
165,Allis,Sineath,asineath4k@cdc.gov,Female,188.199.255.67
166,Melessa,Allery,mallery4l@psu.edu,Female,170.42.200.241
167,Jozef,Doulden,jdoulden4m@myspace.com,Male,220.154.18.56
168,Syd,Serfati,sserfati4n@gravatar.com,Male,79.143.101.139
169,Crystal,Tierny,ctierny4o@cdbaby.com,Female,216.115.75.27
170,Nita,Mankor,nmankor4p@xinhuanet.com,Female,199.134.112.244
171,Hershel,Cossey,hcossey4q@bizjournals.com,Male,73.211.15.241
172,Devonne,Lory,dlory4r@facebook.com,Female,32.25.103.64
173,Doralyn,Barton,dbarton4s@cdbaby.com,Female,155.196.19.147
174,Rickard,Feron,rferon4t@archive.org,Male,227.130.127.11
175,Konrad,Dryburgh,kdryburgh4u@w3.org,Male,194.175.180.5
176,Valdemar,Gough,vgough4v@hud.gov,Male,47.0.176.117
177,Micky,Donaghie,mdonaghie4w@acquirethisname.com,Male,38.249.182.237
178,Bobbe,Blaxland,bblaxland4x@typepad.com,Female,95.99.79.18
179,Golda,Halbord,ghalbord4y@foxnews.com,Female,123.231.69.20
180,Corry,Lazenbury,clazenbury4z@yandex.ru,Female,13.32.183.37
181,Edie,Vause,evause50@twitpic.com,Female,133.242.42.121
182,Bren,ducarme,bducarme51@cbsnews.com,Male,109.200.221.118
183,Osbert,Hayhurst,ohayhurst52@chron.com,Male,179.9.156.219
184,Dewitt,Mendes,dmendes53@about.me,Male,47.56.97.174
185,Maynord,Casaccia,mcasaccia54@privacy.gov.au,Male,151.90.230.134
186,Lemuel,Engley,lengley55@infoseek.co.jp,Male,62.142.226.224
187,Orson,Yashunin,oyashunin56@nba.com,Male,46.129.167.126
188,Gawen,Fawdry,gfawdry57@time.com,Male,107.165.109.67
189,Tamera,Ivanusyev,tivanusyev58@jigsy.com,Female,106.20.135.163
190,Thorn,Dohms,tdohms59@jiathis.com,Male,25.27.12.89
191,Josepha,Hawsby,jhawsby5a@nyu.edu,Female,216.188.161.81
192,Maura,Cassella,mcassella5b@hexun.com,Female,148.239.84.163
193,Wenona,Kighly,wkighly5c@addthis.com,Female,71.148.42.234
194,Dari,Roof,droof5d@liveinternet.ru,Female,200.133.154.151
195,Pattie,Worsall,pworsall5e@comcast.net,Male,173.155.170.180
196,Erma,Jarrett,ejarrett5f@soup.io,Female,149.6.184.220
197,Sayres,Leuren,sleuren5g@who.int,Male,83.91.101.252
198,Jasmina,Schankel,jschankel5h@cnet.com,Female,93.249.216.201
199,Milo,Greenier,mgreenier5i@usatoday.com,Male,154.206.202.48
200,Wain,Climson,wclimson5j@foxnews.com,Male,233.12.35.26
201,Rayshell,Beyer,rbeyer5k@themeforest.net,Female,232.204.174.57
202,Georgeanne,Aleksashin,galeksashin5l@google.ca,Female,24.165.43.57
203,Fayette,Juliano,fjuliano5m@accuweather.com,Female,161.9.165.181
204,Alexandr,Ezele,aezele5n@furl.net,Male,219.210.131.157
205,Nixie,Peachment,npeachment5o@angelfire.com,Female,105.133.176.249
206,Corby,Tudbald,ctudbald5p@studiopress.com,Male,200.246.246.39
207,Brigida,La Torre,blatorre5q@goodreads.com,Female,40.49.63.2
208,Arvy,Le feaver,alefeaver5r@sakura.ne.jp,Male,42.39.88.113
209,Thorny,Wyke,twyke5s@bloglines.com,Male,9.131.68.216
210,Nichol,Carwithim,ncarwithim5t@yellowpages.com,Female,221.54.226.168
211,Essy,Fitzer,efitzer5u@baidu.com,Female,147.179.124.45
212,Ezequiel,Checkley,echeckley5v@vimeo.com,Male,168.236.183.249
213,Reina,Weildish,rweildish5w@vistaprint.com,Female,206.208.36.234
214,Alexandros,O'Malley,aomalley5x@google.pl,Male,242.14.30.241
215,Hobie,Sandeford,hsandeford5y@digg.com,Male,163.64.172.253
216,Sibyl,Garter,sgarter5z@mtv.com,Male,232.196.30.133
217,Willie,Insole,winsole60@msu.edu,Male,144.107.4.77
218,Barrie,Rubra,brubra61@xing.com,Male,94.20.171.252
219,Gwendolen,Peevor,gpeevor62@tmall.com,Female,100.99.14.112
220,Winnie,Beldam,wbeldam63@vimeo.com,Male,226.209.38.229
221,Jacki,Cuthbert,jcuthbert64@census.gov,Female,170.87.243.107
222,Nathanael,Brasher,nbrasher65@bluehost.com,Male,130.99.102.70
223,Freeman,Pfaff,fpfaff66@apache.org,Male,53.173.104.145
224,Tom,Morewood,tmorewood67@exblog.jp,Male,198.5.209.50
225,Neville,Mokes,nmokes68@bing.com,Male,112.239.179.32
226,Biddie,Hansemann,bhansemann69@usnews.com,Female,184.221.248.99
227,Stephen,Loren,sloren6a@google.com.au,Male,158.31.235.168
228,Tobias,Bickerdicke,tbickerdicke6b@sciencedaily.com,Male,225.90.209.4
229,Shell,Kinleyside,skinleyside6c@addtoany.com,Female,200.226.253.156
230,Timofei,Gorner,tgorner6d@walmart.com,Male,236.251.198.59
231,Brew,Buyers,bbuyers6e@mail.ru,Male,132.198.173.187
232,Angelo,Beavington,abeavington6f@xinhuanet.com,Male,74.9.83.239
233,Daphne,Cail,dcail6g@hao123.com,Female,85.132.9.110
234,Cyrill,Lozano,clozano6h@biblegateway.com,Male,151.155.254.166
235,Vasily,Morgen,vmorgen6i@chicagotribune.com,Male,250.120.92.165
236,Franciskus,Foottit,ffoottit6j@baidu.com,Male,194.77.163.9
237,Erin,Ainscow,eainscow6k@de.vu,Female,131.13.62.95
238,Nolan,MacKnocker,nmacknocker6l@nbcnews.com,Male,181.143.46.69
239,Babbette,Driscoll,bdriscoll6m@4shared.com,Female,199.186.236.29
240,Reggi,Clother,rclother6n@sciencedirect.com,Female,131.152.153.110
241,Cariotta,Molen,cmolen6o@discuz.net,Female,91.94.241.110
242,Guido,Pee,gpee6p@hc360.com,Male,54.146.31.144
243,Silvanus,Rubica,srubica6q@umn.edu,Male,18.160.17.121
244,Una,Kowalik,ukowalik6r@friendfeed.com,Female,15.82.193.8
245,Legra,Norrington,lnorrington6s@msu.edu,Female,117.31.181.224
246,Roseanne,Pieters,rpieters6t@army.mil,Female,173.39.210.107
247,Solly,Fackrell,sfackrell6u@cloudflare.com,Male,171.208.169.200
248,Corrie,Larmor,clarmor6v@blinklist.com,Male,2.74.200.147
249,Renie,McCrae,rmccrae6w@redcross.org,Female,134.130.155.181
250,Rora,Marrill,rmarrill6x@unblog.fr,Female,60.178.52.115
251,Ainslee,McGettigan,amcgettigan6y@ovh.net,Female,120.210.47.235
252,Consalve,Hairon,chairon6z@sitemeter.com,Male,202.90.206.239
253,Maurice,Borthwick,mborthwick70@ow.ly,Male,69.116.192.247
254,Johann,Piggens,jpiggens71@wikipedia.org,Male,80.198.227.177
255,Jedediah,Cottel,jcottel72@canalblog.com,Male,78.79.16.107
256,Quillan,Yeoland,qyeoland73@skype.com,Male,253.194.3.53
257,Lalo,Cornwall,lcornwall74@simplemachines.org,Male,50.19.241.166
258,Boycey,Yakushkev,byakushkev75@indiegogo.com,Male,133.50.127.27
259,Brennan,Jaimez,bjaimez76@instagram.com,Male,184.147.176.42
260,Nessi,Widmore,nwidmore77@msn.com,Female,58.105.124.19
261,Merill,Goodisson,mgoodisson78@businesswire.com,Male,135.235.187.66
262,Hadleigh,Francom,hfrancom79@indiegogo.com,Male,63.2.80.155
263,Gay,Stit,gstit7a@europa.eu,Female,111.177.63.238
264,Jeffy,Olyet,jolyet7b@usatoday.com,Male,245.188.33.146
265,Glad,Compston,gcompston7c@yandex.ru,Female,221.38.102.41
266,Arnie,Whawell,awhawell7d@imdb.com,Male,215.149.212.128
267,Gilemette,Bore,gbore7e@squidoo.com,Female,149.70.246.93
268,Ara,Flaherty,aflaherty7f@seattletimes.com,Female,3.116.206.224
269,Giacomo,Yellowley,gyellowley7g@arizona.edu,Male,169.95.71.19
270,Candide,Cockshutt,ccockshutt7h@discuz.net,Female,29.3.153.193
271,Raine,McCrisken,rmccrisken7i@usda.gov,Female,48.93.154.199
272,Etty,Febre,efebre7j@theatlantic.com,Female,104.81.38.102
273,Ase,Ninnoli,aninnoli7k@ifeng.com,Male,215.218.72.92
274,Charline,Bice,cbice7l@jugem.jp,Female,145.76.163.53
275,Nial,Illem,nillem7m@abc.net.au,Male,55.89.245.13
276,Cesare,Nurcombe,cnurcombe7n@wikimedia.org,Male,46.227.131.21
277,Boycie,Doncaster,bdoncaster7o@bloglovin.com,Male,90.56.103.47
278,Meade,Cannaway,mcannaway7p@illinois.edu,Female,45.115.155.122
279,Lorry,Ovell,lovell7q@upenn.edu,Female,124.167.94.242
280,Celeste,Vinick,cvinick7r@ifeng.com,Female,165.199.123.126
281,Rikki,Dodman,rdodman7s@elegantthemes.com,Female,251.169.200.143
282,Mommy,Silcock,msilcock7t@nih.gov,Female,136.50.13.161
283,Mathilda,Larman,mlarman7u@vistaprint.com,Female,115.202.131.110
284,Jessey,Saywell,jsaywell7v@friendfeed.com,Male,108.169.103.68
285,Emlen,Labrum,elabrum7w@noaa.gov,Male,88.42.170.111
286,Herminia,Waything,hwaything7x@nbcnews.com,Female,29.204.221.240
287,Lianna,Dwelly,ldwelly7y@printfriendly.com,Female,160.32.167.107
288,Kenton,Gheorghescu,kgheorghescu7z@goo.ne.jp,Male,137.80.232.100
289,Barnett,Tyght,btyght80@dot.gov,Male,130.195.80.109
290,Sibella,Innis,sinnis81@slashdot.org,Female,197.188.5.241
291,Catina,Breen,cbreen82@wikimedia.org,Female,28.239.78.35
292,Evelin,Eglinton,eeglinton83@techcrunch.com,Male,128.6.39.1
293,Sanderson,Morigan,smorigan84@yellowpages.com,Male,142.157.71.86
294,Seymour,Semaine,ssemaine85@dion.ne.jp,Male,124.150.12.115
295,Ninette,Stillert,nstillert86@pbs.org,Female,235.88.168.132
296,Brena,Hughs,bhughs87@blogspot.com,Female,23.91.23.30
297,Jere,Meneyer,jmeneyer88@ustream.tv,Male,131.179.59.199
298,Odelinda,Tampin,otampin89@xrea.com,Female,188.144.118.43
299,Benedick,Barkworth,bbarkworth8a@foxnews.com,Male,145.21.11.61
300,Morse,Crunden,mcrunden8b@pbs.org,Male,84.23.121.32
301,Kat,Alliband,kalliband8c@omniture.com,Female,131.193.94.168
302,Sherwood,Matei,smatei8d@bluehost.com,Male,27.235.147.128
303,Grantham,German,ggerman8e@fotki.com,Male,135.31.135.71
304,Jeffrey,Chuney,jchuney8f@gmpg.org,Male,183.5.149.79
305,Jacinta,Bamlett,jbamlett8g@tinyurl.com,Female,69.174.244.196
306,Ewart,Bonallick,ebonallick8h@loc.gov,Male,71.15.29.136
307,Edee,Sewart,esewart8i@adobe.com,Female,142.17.210.225
308,Allix,Checketts,achecketts8j@ustream.tv,Female,70.243.180.49
309,Tamiko,Poad,tpoad8k@tmall.com,Female,125.220.135.153
310,Hasty,Klimecki,hklimecki8l@gmpg.org,Male,220.106.172.110
311,Kathe,Currum,kcurrum8m@sohu.com,Female,146.68.100.82
312,Kenton,Mundell,kmundell8n@tumblr.com,Male,72.239.13.106
313,Shelton,Enefer,senefer8o@last.fm,Male,199.65.147.95
314,Sullivan,Boltwood,sboltwood8p@wisc.edu,Male,2.230.232.6
315,Orbadiah,Phelan,ophelan8q@ning.com,Male,222.204.39.110
316,Papageno,Eyre,peyre8r@google.co.jp,Male,79.134.234.45
317,Lukas,Luce,lluce8s@cbc.ca,Male,85.62.30.183
318,Gabe,Baston,gbaston8t@lycos.com,Male,199.156.18.138
319,Lazar,Glanville,lglanville8u@discovery.com,Male,57.88.152.201
320,Wadsworth,Daskiewicz,wdaskiewicz8v@dailymail.co.uk,Male,121.35.127.87
321,Daniela,Genney,dgenney8w@blog.com,Female,171.74.26.177
322,Reinald,Yoell,ryoell8x@bluehost.com,Male,53.78.124.197
323,Whit,Evill,wevill8y@scribd.com,Male,89.206.171.16
324,Graehme,Lyokhin,glyokhin8z@example.com,Male,182.10.202.32
325,Greggory,Bigham,gbigham90@mashable.com,Male,89.8.149.49
326,Madeleine,O'Lunny,molunny91@hhs.gov,Female,243.55.49.91
327,Alon,Caddan,acaddan92@lycos.com,Male,81.194.243.18
328,Robinette,Meechan,rmeechan93@homestead.com,Female,40.99.64.236
329,Grantham,Kissell,gkissell94@edublogs.org,Male,34.160.232.102
330,Faith,Suggitt,fsuggitt95@wisc.edu,Female,121.129.200.135
331,Worth,Conrard,wconrard96@vinaora.com,Male,44.233.158.60
332,Germain,Rubinowitz,grubinowitz97@fastcompany.com,Male,225.184.209.59
333,Bernhard,Bugler,bbugler98@miibeian.gov.cn,Male,133.93.53.151
334,Herculie,Pond-Jones,hpondjones99@yellowpages.com,Male,74.98.52.106
335,Mab,Giannazzi,mgiannazzi9a@opensource.org,Female,254.186.193.84
336,Del,Lacelett,dlacelett9b@redcross.org,Female,164.69.11.230
337,Emilie,Petrasek,epetrasek9c@toplist.cz,Female,170.222.234.7
338,Edward,Mallinar,emallinar9d@artisteer.com,Male,151.153.220.117
339,Davina,Branchet,dbranchet9e@discuz.net,Female,62.173.239.119
340,Valma,Couvert,vcouvert9f@tumblr.com,Female,238.229.189.193
341,Mohandis,Malec,mmalec9g@unicef.org,Male,139.54.39.196
342,Honor,Hardcastle,hhardcastle9h@arizona.edu,Female,197.117.172.168
343,Carver,Heskins,cheskins9i@topsy.com,Male,128.42.241.143
344,Sunny,Bartolomeazzi,sbartolomeazzi9j@posterous.com,Female,194.66.132.228
345,Lise,Melvin,lmelvin9k@ucoz.com,Female,202.133.218.10
346,Lucienne,McDunlevy,lmcdunlevy9l@free.fr,Female,128.156.57.142
347,Anthony,Patrickson,apatrickson9m@netlog.com,Male,17.1.52.235
348,Koo,Tadd,ktadd9n@ebay.com,Female,129.157.75.164
349,Kellen,McGilvra,kmcgilvra9o@goodreads.com,Female,231.107.148.125
350,Herschel,Gutsell,hgutsell9p@admin.ch,Male,240.146.159.82
351,Jillie,Blankman,jblankman9q@hugedomains.com,Female,254.69.69.131
352,Abram,Ramm,aramm9r@youku.com,Male,19.30.254.47
353,Gordie,O'Callaghan,gocallaghan9s@live.com,Male,40.73.152.226
354,Clementina,LaBastida,clabastida9t@psu.edu,Female,134.164.229.59
355,Latrina,Starkings,lstarkings9u@admin.ch,Female,237.67.222.153
356,Henrietta,Kenward,hkenward9v@adobe.com,Female,31.51.157.39
357,Abbey,Welds,awelds9w@smugmug.com,Male,35.13.145.207
358,Amalita,Brandenberg,abrandenberg9x@zdnet.com,Female,168.91.206.189
359,Nealy,Eakley,neakley9y@over-blog.com,Male,56.0.68.168
360,Chandler,Glen,cglen9z@oracle.com,Male,20.80.108.240
361,Orbadiah,Crowther,ocrowthera0@tiny.cc,Male,137.233.140.33
362,Bobine,Fuentez,bfuenteza1@chron.com,Female,58.131.207.232
363,Ravid,Keddle,rkeddlea2@reverbnation.com,Male,235.196.144.69
364,Lyndsey,Kerbler,lkerblera3@go.com,Female,13.72.144.126
365,Erwin,Culpin,eculpina4@dropbox.com,Male,238.238.246.29
366,Yancy,Strode,ystrodea5@mapquest.com,Male,28.173.242.79
367,Meridel,Toop,mtoopa6@blogtalkradio.com,Female,32.223.22.97
368,Dianemarie,Grinikhin,dgrinikhina7@dell.com,Female,90.4.37.120
369,Cindra,Clare,cclarea8@nbcnews.com,Female,162.106.6.22
370,Hilda,Rutherfoord,hrutherfoorda9@usda.gov,Female,213.0.33.151
371,Laurel,Stolz,lstolzaa@va.gov,Female,125.201.131.60
372,Annabell,Shiel,ashielab@hostgator.com,Female,24.76.219.83
373,Gilbert,Sharpless,gsharplessac@umich.edu,Male,68.70.119.177
374,Ameline,Sterman,astermanad@amazon.co.jp,Female,11.191.142.29
375,Wendy,Vowels,wvowelsae@businessweek.com,Female,211.96.92.5
376,Arabele,Proswell,aproswellaf@acquirethisname.com,Female,6.128.146.68
377,Truman,Eckels,teckelsag@stanford.edu,Male,182.102.252.55
378,Murdoch,Bosward,mboswardah@tamu.edu,Male,79.181.219.98
379,Renee,Tremeer,rtremeerai@chicagotribune.com,Female,69.65.203.198
380,Muire,Hylton,mhyltonaj@chicagotribune.com,Female,141.227.164.86
381,Mattie,Jambrozek,mjambrozekak@toplist.cz,Male,5.82.111.167
382,Sean,Couser,scouseral@rediff.com,Male,241.150.17.48
383,Yuri,Acaster,yacasteram@youtu.be,Male,26.241.230.123
384,Artur,Gowthrop,agowthropan@nymag.com,Male,194.24.126.45
385,Klarika,Sooper,ksooperao@admin.ch,Female,107.179.250.152
386,Gabey,Yukhnev,gyukhnevap@discuz.net,Female,14.239.163.27
387,Sammy,Greg,sgregaq@networkadvertising.org,Male,165.171.107.171
388,Jaye,MacAvddy,jmacavddyar@timesonline.co.uk,Male,182.28.192.74
389,Sky,Pharoah,spharoahas@studiopress.com,Male,31.228.231.213
390,Wes,Govini,wgoviniat@hubpages.com,Male,120.93.59.124
391,Ignacio,Maykin,imaykinau@berkeley.edu,Male,40.187.85.226
392,Rowen,Try,rtryav@miitbeian.gov.cn,Male,240.153.237.139
393,Theresina,Bigglestone,tbigglestoneaw@myspace.com,Female,163.130.226.231
394,Roz,De Hoogh,rdehooghax@google.com.br,Female,68.150.158.230
395,Emmit,Simoes,esimoesay@github.io,Male,250.195.153.144
396,Angelo,Carberry,acarberryaz@si.edu,Male,190.169.154.41
397,Eleanora,Stroban,estrobanb0@dmoz.org,Female,34.26.231.81
398,Karla,Everall,keverallb1@unblog.fr,Female,51.68.39.207
399,Yolanthe,Olyonov,yolyonovb2@shareasale.com,Female,12.210.152.111
400,Archie,Edgcumbe,aedgcumbeb3@pbs.org,Male,185.207.253.240
401,Agna,Lucia,aluciab4@ibm.com,Female,150.241.149.23
402,Emalia,Bubeer,ebubeerb5@ustream.tv,Female,26.218.170.45
403,Desirae,Radclyffe,dradclyffeb6@cyberchimps.com,Female,151.92.241.211
404,Meg,Elsy,melsyb7@digg.com,Female,141.99.45.205
405,Geoff,Vankov,gvankovb8@qq.com,Male,191.116.166.26
406,Corey,Burchill,cburchillb9@geocities.com,Male,26.184.74.174
407,Josephina,Cicchetto,jcicchettoba@blogger.com,Female,5.212.250.118
408,Ali,Baraclough,abaracloughbb@ca.gov,Male,64.219.235.10
409,Giorgi,McKinstry,gmckinstrybc@upenn.edu,Male,219.247.22.237
410,Anna-maria,Clout,acloutbd@java.com,Female,47.231.3.47
411,Norma,Arkin,narkinbe@about.com,Female,66.205.141.152
412,Genovera,Avarne,gavarnebf@china.com.cn,Female,122.96.156.7
413,Reinold,Gimblett,rgimblettbg@ted.com,Male,112.244.212.49
414,Kirk,Linfield,klinfieldbh@lycos.com,Male,87.33.30.77
415,Marsha,Hamilton,mhamiltonbi@wix.com,Female,11.42.28.253
416,Kelsi,Seyers,kseyersbj@devhub.com,Female,188.36.115.185
417,Casar,Marlor,cmarlorbk@about.me,Male,12.14.24.52
418,Etan,Reinert,ereinertbl@cafepress.com,Male,66.1.135.225
419,Gasper,Van Schafflaer,gvanschafflaerbm@yellowpages.com,Male,182.47.146.116
420,Micheline,Northover,mnorthoverbn@liveinternet.ru,Female,153.89.161.223
421,Jodee,Trippett,jtrippettbo@gizmodo.com,Female,8.171.198.7
422,Guenna,Loins,gloinsbp@bigcartel.com,Female,148.84.228.69
423,Jill,Rummings,jrummingsbq@xinhuanet.com,Female,33.127.229.237
424,Antonio,Gorringe,agorringebr@hud.gov,Male,255.186.125.22
425,Hartwell,Raikes,hraikesbs@skyrock.com,Male,194.38.15.67
426,Analise,Caveney,acaveneybt@senate.gov,Female,86.86.100.112
427,Wynn,Udie,wudiebu@paginegialle.it,Male,242.206.187.195
428,Levi,Ravillas,lravillasbv@clickbank.net,Male,116.151.80.50
429,Shantee,Pattlel,spattlelbw@drupal.org,Female,165.210.83.68
430,Corrinne,Blincowe,cblincowebx@bloomberg.com,Female,6.189.207.137
431,Beatrix,Ollier,bollierby@marriott.com,Female,6.241.255.136
432,Isabelita,Quinnet,iquinnetbz@biglobe.ne.jp,Female,55.33.68.211
433,Brooks,Grono,bgronoc0@ifeng.com,Female,181.33.232.24
434,Gorden,Martini,gmartinic1@chicagotribune.com,Male,173.205.36.204
435,Aarika,Neubigin,aneubiginc2@who.int,Female,17.46.56.166
436,Desdemona,Slader,dsladerc3@tinyurl.com,Female,63.184.169.204
437,Hermann,Croysdale,hcroysdalec4@google.com.br,Male,231.63.190.253
438,Ode,Hubach,ohubachc5@eepurl.com,Male,80.182.186.159
439,Clayson,Crauford,ccraufordc6@scientificamerican.com,Male,197.109.166.211
440,Carlie,Huonic,chuonicc7@fastcompany.com,Male,161.115.89.186
441,Darnell,Noen,dnoenc8@timesonline.co.uk,Male,98.110.170.248
442,Doll,Fouch,dfouchc9@nyu.edu,Female,141.4.107.71
443,Ky,Roizn,kroiznca@forbes.com,Male,11.121.222.170
444,Verena,Gibbetts,vgibbettscb@xrea.com,Female,176.92.11.64
445,Debor,O'Luby,dolubycc@chron.com,Female,221.177.119.141
446,Claudell,MacAlpine,cmacalpinecd@drupal.org,Male,13.137.143.31
447,Trip,Vincent,tvincentce@google.ru,Male,158.68.229.8
448,Ardenia,Nicklen,anicklencf@multiply.com,Female,169.78.134.252
449,Chantal,Denzilow,cdenzilowcg@narod.ru,Female,213.34.15.235
450,Reginauld,Chrstine,rchrstinech@istockphoto.com,Male,32.64.202.205
451,Ardene,Dalyell,adalyellci@stanford.edu,Female,177.236.65.179
452,Malvin,O'Dunniom,modunniomcj@oaic.gov.au,Male,149.253.254.176
453,Arden,Inchley,ainchleyck@howstuffworks.com,Female,162.18.166.98
454,Joana,MacAvddy,jmacavddycl@howstuffworks.com,Female,125.195.215.86
455,Roseanne,Brickstock,rbrickstockcm@wisc.edu,Female,205.86.208.65
456,Dallon,Hendren,dhendrencn@gnu.org,Male,172.119.7.116
457,Wendye,Cockerton,wcockertonco@google.pl,Female,55.72.232.77
458,Dominic,Crossfield,dcrossfieldcp@amazonaws.com,Male,72.141.32.126
459,Florry,Limprecht,flimprechtcq@miibeian.gov.cn,Female,203.111.114.177
460,Tildy,Scardifeild,tscardifeildcr@europa.eu,Female,57.227.242.111
461,Gisella,Seabert,gseabertcs@live.com,Female,76.169.252.50
462,Kerri,Verbrugge,kverbruggect@issuu.com,Female,29.204.54.63
463,Ricky,Minnock,rminnockcu@ucoz.com,Female,205.98.170.155
464,Delmor,Babb,dbabbcv@photobucket.com,Male,247.154.34.151
465,Sawyere,Colbridge,scolbridgecw@storify.com,Male,73.74.235.113
466,See,Axworthy,saxworthycx@usnews.com,Male,90.45.71.46
467,Alasdair,Carlucci,acarluccicy@msu.edu,Male,90.62.39.158
468,Nicola,Dunkerley,ndunkerleycz@examiner.com,Female,99.247.142.47
469,Sapphire,Hotton,shottond0@wikispaces.com,Female,198.104.175.78
470,Caroljean,Gasparro,cgasparrod1@hao123.com,Female,174.222.92.186
471,Porty,Basek,pbasekd2@cdc.gov,Male,222.87.241.53
472,Hewitt,Gluyas,hgluyasd3@e-recht24.de,Male,165.21.36.74
473,Ferrell,Taverner,ftavernerd4@ucoz.ru,Male,232.5.220.246
474,Bethena,Elliman,bellimand5@yellowbook.com,Female,100.109.30.194
475,Reuven,Skaid,rskaidd6@sfgate.com,Male,133.114.68.202
476,Drud,Swadlen,dswadlend7@amazon.co.jp,Male,228.108.184.217
477,Red,Cressy,rcressyd8@wikimedia.org,Male,254.58.205.181
478,Sibel,Lammie,slammied9@feedburner.com,Female,2.150.145.209
479,Johann,Titman,jtitmanda@friendfeed.com,Male,117.100.24.115
480,Benedict,Raysdale,braysdaledb@skyrock.com,Male,134.212.180.155
481,Desmund,Kintish,dkintishdc@salon.com,Male,249.57.154.11
482,Eddie,Queenborough,equeenboroughdd@nytimes.com,Male,89.253.107.235
483,Antonetta,Duling,adulingde@hc360.com,Female,242.11.226.226
484,Hendrik,Duckett,hduckettdf@vimeo.com,Male,121.159.11.195
485,Nikki,O'Mailey,nomaileydg@discuz.net,Male,136.96.77.62
486,Joan,Janos,jjanosdh@arizona.edu,Female,112.143.179.15
487,Minette,Scarsbrooke,mscarsbrookedi@examiner.com,Female,202.2.67.168
488,Terrijo,Buff,tbuffdj@deliciousdays.com,Female,133.1.43.27
489,Rourke,Emmot,remmotdk@tmall.com,Male,84.217.90.202
490,Rustin,Rosenboim,rrosenboimdl@boston.com,Male,57.98.181.206
491,Donny,Fleisch,dfleischdm@dion.ne.jp,Female,0.225.197.176
492,Susanetta,Bilofsky,sbilofskydn@house.gov,Female,223.92.103.142
493,Datha,Strewther,dstrewtherdo@meetup.com,Female,14.178.149.98
494,Giustino,Ormrod,gormroddp@cnn.com,Male,241.70.40.113
495,Cosme,Ilive,cilivedq@tinypic.com,Male,82.188.153.212
496,Andre,Sausman,asausmandr@skype.com,Male,161.211.160.159
497,Rikki,Syfax,rsyfaxds@xing.com,Female,8.49.134.119
498,Paul,Baxstare,pbaxstaredt@nhs.uk,Male,116.154.204.194
499,Elke,Rappoport,erappoportdu@cloudflare.com,Female,133.121.17.77
500,Starr,Girod,sgiroddv@dagondesign.com,Female,121.204.92.168
501,Drucill,Pyrton,dpyrtondw@etsy.com,Female,63.164.178.77
502,Gabriello,Karpman,gkarpmandx@squidoo.com,Male,247.19.193.63
503,Cyrille,Morshead,cmorsheaddy@oracle.com,Male,145.35.37.146
504,Rene,Shapter,rshapterdz@mac.com,Male,155.75.35.56
505,Waly,Rothera,wrotherae0@marriott.com,Female,106.21.126.100
506,Efrem,Brimacombe,ebrimacombee1@hhs.gov,Male,255.43.123.83
507,Sigvard,Galiford,sgaliforde2@list-manage.com,Male,56.192.15.154
508,Katrinka,Mulhill,kmulhille3@ft.com,Female,130.234.156.253
509,Merna,Blenkiron,mblenkirone4@cnet.com,Female,12.24.196.97
510,Karina,Meiningen,kmeiningene5@harvard.edu,Female,186.199.181.185
511,Chas,Drayson,cdraysone6@wix.com,Male,146.74.219.198
512,Cindelyn,St Pierre,cstpierree7@slashdot.org,Female,84.7.240.126
513,Eva,Vase,evasee8@mozilla.org,Female,254.110.81.106
514,Herbert,Fiddy,hfiddye9@businesswire.com,Male,87.255.112.13
515,Whitman,Timberlake,wtimberlakeea@ox.ac.uk,Male,219.244.197.41
516,Wynny,Rimell,wrimelleb@barnesandnoble.com,Female,117.212.90.251
517,Karrie,Chotty,kchottyec@rakuten.co.jp,Female,105.131.171.46
518,Kiri,Freer,kfreered@multiply.com,Female,46.233.67.60
519,Erroll,De Bischof,edebischofee@craigslist.org,Male,73.106.13.182
520,Ciro,Pascoe,cpascoeef@desdev.cn,Male,226.26.165.251
521,Jeremie,Carren,jcarreneg@statcounter.com,Male,88.41.177.202
522,Beatrice,Sayle,bsayleeh@1und1.de,Female,166.240.140.206
523,Justina,Linster,jlinsterei@bbb.org,Female,0.207.236.95
524,Luce,Decourt,ldecourtej@clickbank.net,Female,135.246.120.212
525,Dilly,Dyet,ddyetek@businesswire.com,Male,142.2.229.130
526,Alexandra,Benediktovich,abenediktovichel@mlb.com,Female,249.219.114.36
527,Darbie,Orrill,dorrillem@china.com.cn,Female,8.196.31.53
528,Cleve,Raycroft,craycroften@aol.com,Male,107.168.34.176
529,Eadith,Burgoyne,eburgoyneeo@nsw.gov.au,Female,153.97.104.174
530,Cordy,Augustine,caugustineep@reference.com,Male,193.210.210.136
531,Lucille,Ferns,lfernseq@last.fm,Female,218.38.142.184
532,Dani,Bowell,dboweller@google.pl,Female,177.137.216.211
533,Orbadiah,Pharo,opharoes@tuttocitta.it,Male,61.17.195.157
534,Gratia,Oguz,goguzet@etsy.com,Female,101.200.222.209
535,Darius,Hasley,dhasleyeu@comsenz.com,Male,4.90.254.206
536,Berkie,Giorgini,bgiorginiev@indiegogo.com,Male,10.40.189.69
537,Ronnica,Cowap,rcowapew@ucoz.ru,Female,236.224.71.212
538,Tailor,Damsell,tdamsellex@pcworld.com,Male,161.31.81.58
539,Alberik,Tolworth,atolworthey@twitter.com,Male,187.37.28.86
540,Mano,Roof,mroofez@businessinsider.com,Male,99.255.238.193
541,Mayer,Whiteway,mwhitewayf0@163.com,Male,219.55.147.175
542,Shanna,Jaouen,sjaouenf1@miitbeian.gov.cn,Female,153.230.242.23
543,Red,Stirling,rstirlingf2@tinyurl.com,Male,56.3.170.254
544,Kirsti,Moyers,kmoyersf3@digg.com,Female,199.247.105.54
545,Belle,De Beauchemp,bdebeauchempf4@surveymonkey.com,Female,49.13.163.214
546,Elvin,Balsom,ebalsomf5@vinaora.com,Male,232.17.67.223
547,Jacintha,Poluzzi,jpoluzzif6@tamu.edu,Female,82.226.156.37
548,Annice,Andrusov,aandrusovf7@odnoklassniki.ru,Female,58.164.8.165
549,Petunia,Evered,peveredf8@yellowbook.com,Female,11.216.39.214
550,Frederico,Sturridge,fsturridgef9@tumblr.com,Male,108.160.14.213
551,Marin,Tonepohl,mtonepohlfa@linkedin.com,Female,6.63.143.177
552,Caressa,Luisetti,cluisettifb@posterous.com,Female,29.60.188.23
553,Latia,Garn,lgarnfc@answers.com,Female,2.131.42.21
554,Hollis,Goodboddy,hgoodboddyfd@umich.edu,Male,237.130.168.52
555,Timothy,Naden,tnadenfe@sciencedirect.com,Male,44.223.79.101
556,Wendeline,Godlee,wgodleeff@netvibes.com,Female,232.124.125.6
557,Del,O'Neill,doneillfg@about.com,Male,106.144.112.130
558,Pinchas,Setterington,psetteringtonfh@eventbrite.com,Male,111.30.148.40
559,Kayla,Asquith,kasquithfi@mapquest.com,Female,67.123.191.227
560,Kingsley,Nevin,knevinfj@networksolutions.com,Male,45.161.126.99
561,Gayel,Sambell,gsambellfk@bandcamp.com,Female,119.192.217.152
562,Jemimah,Casol,jcasolfl@t.co,Female,81.85.13.0
563,Keenan,Arias,kariasfm@pcworld.com,Male,247.99.234.209
564,Giana,Cuffin,gcuffinfn@soup.io,Female,139.50.215.129
565,Maxie,Feeley,mfeeleyfo@economist.com,Female,173.71.229.82
566,Kyle,Tosney,ktosneyfp@mlb.com,Male,57.30.139.182
567,Chet,Pengelly,cpengellyfq@ted.com,Male,0.97.153.97
568,Lib,Harrison,lharrisonfr@ifeng.com,Female,235.22.112.221
569,Berna,Grier,bgrierfs@nsw.gov.au,Female,200.200.196.77
570,Jen,Phair,jphairft@psu.edu,Female,75.37.158.241
571,Diane,Tidbold,dtidboldfu@skype.com,Female,203.233.146.150
572,Gilburt,McGeaney,gmcgeaneyfv@wikia.com,Male,232.231.64.150
573,Cally,Diack,cdiackfw@timesonline.co.uk,Female,158.239.10.93
574,Matthew,Mallabund,mmallabundfx@facebook.com,Male,136.149.114.95
575,Dorey,Trollope,dtrollopefy@vistaprint.com,Male,251.173.123.226
576,Alis,Father,afatherfz@printfriendly.com,Female,15.38.37.11
577,Durant,Blackly,dblacklyg0@livejournal.com,Male,111.46.32.75
578,Joel,Antoniewski,jantoniewskig1@berkeley.edu,Male,80.218.209.98
579,Bernardo,Pierton,bpiertong2@wikipedia.org,Male,67.101.188.98
580,Alysia,Colston,acolstong3@dell.com,Female,105.96.63.152
581,Erika,Wicks,ewicksg4@studiopress.com,Female,245.239.40.128
582,Lily,Phillput,lphillputg5@latimes.com,Female,122.190.252.191
583,Leupold,Burgher,lburgherg6@desdev.cn,Male,163.220.208.125
584,Ailbert,Tzarkov,atzarkovg7@newsvine.com,Male,130.8.6.250
585,Irwin,D'Agostini,idagostinig8@sciencedaily.com,Male,151.228.54.185
586,Erik,Rojel,erojelg9@odnoklassniki.ru,Male,96.192.96.45
587,Cindra,Cropton,ccroptonga@dell.com,Female,164.157.171.213
588,Dallas,Snozzwell,dsnozzwellgb@patch.com,Female,160.141.87.41
589,Barty,Antonsson,bantonssongc@t-online.de,Male,61.20.196.41
590,Terza,Iveson,tivesongd@wired.com,Female,144.94.154.137
591,Raddie,Labell,rlabellge@bing.com,Male,120.118.214.25
592,Carie,Cossell,ccossellgf@google.co.jp,Female,59.223.231.105
593,Diandra,Caslane,dcaslanegg@harvard.edu,Female,102.28.77.232
594,Arda,Hoston,ahostongh@ask.com,Female,226.176.191.47
595,Derrek,Valentino,dvalentinogi@independent.co.uk,Male,52.227.77.26
596,Loy,Dubbin,ldubbingj@nbcnews.com,Male,198.193.244.166
597,Gardner,Shallo,gshallogk@mlb.com,Male,53.83.111.81
598,Helena,Kitteman,hkittemangl@intel.com,Female,206.77.110.233
599,Alexis,Robjant,arobjantgm@blog.com,Male,151.90.153.248
600,Levin,Grinikhinov,lgrinikhinovgn@scientificamerican.com,Male,209.39.102.57
601,Chadwick,Fawlks,cfawlksgo@friendfeed.com,Male,249.72.108.156
602,Murray,Hargreave,mhargreavegp@netscape.com,Male,153.251.254.218
603,Charita,Harnetty,charnettygq@yolasite.com,Female,76.240.160.131
604,Chrystel,Stanyforth,cstanyforthgr@netlog.com,Female,155.236.129.130
605,Maritsa,Wishart,mwishartgs@harvard.edu,Female,120.183.132.247
606,Clevey,Millhill,cmillhillgt@friendfeed.com,Male,61.145.0.228
607,Ivy,McLagain,imclagaingu@hp.com,Female,184.41.45.188
608,Reube,Prandi,rprandigv@printfriendly.com,Male,131.178.162.250
609,Sylvester,Phython,sphythongw@sfgate.com,Male,109.127.175.223
610,Iona,Elvy,ielvygx@boston.com,Female,229.207.216.126
611,Siegfried,Caddens,scaddensgy@fda.gov,Male,175.47.102.144
612,Ally,Stewartson,astewartsongz@booking.com,Female,157.176.27.228
613,Kittie,Brach,kbrachh0@ocn.ne.jp,Female,231.27.215.197
614,Cherlyn,Weaving,cweavingh1@goodreads.com,Female,174.88.39.240
615,Lyn,Gayle,lgayleh2@jugem.jp,Male,175.47.171.43
616,Eldredge,Mustoe,emustoeh3@noaa.gov,Male,74.110.117.185
617,Web,Sirman,wsirmanh4@netscape.com,Male,14.227.37.85
618,Fowler,Sorrell,fsorrellh5@engadget.com,Male,65.129.173.124
619,Mathilda,Izchaki,mizchakih6@seattletimes.com,Female,234.182.82.85
620,Aurelea,Olivetti,aolivettih7@pen.io,Female,67.200.210.107
621,Sterne,Crispe,scrispeh8@opensource.org,Male,237.111.79.96
622,Josefa,Carder,jcarderh9@foxnews.com,Female,82.147.165.222
623,Bondie,Avis,bavisha@who.int,Male,88.108.68.98
624,Estrella,Neachell,eneachellhb@multiply.com,Female,107.150.110.196
625,Scotty,Hartil,shartilhc@surveymonkey.com,Male,125.206.223.16
626,Olive,Ciciotti,ociciottihd@parallels.com,Female,158.25.178.201
627,Daveen,Swanborough,dswanboroughhe@netlog.com,Female,189.141.123.70
628,Julita,Baudinot,jbaudinothf@usda.gov,Female,201.228.151.142
629,Gael,McOwen,gmcowenhg@springer.com,Male,40.178.62.84
630,Tiler,Aizic,taizichh@wikipedia.org,Male,80.65.236.78
631,Mathew,Shemming,mshemminghi@taobao.com,Male,5.152.147.182
632,Gratiana,Skirlin,gskirlinhj@multiply.com,Female,186.6.182.103
633,Winona,Emloch,wemlochhk@scribd.com,Female,87.222.69.174
634,Sterne,Broggini,sbrogginihl@wix.com,Male,46.52.249.5
635,Chance,Clarridge,cclarridgehm@vinaora.com,Male,186.142.206.38
636,Annetta,Truelove,atruelovehn@cdc.gov,Female,59.249.71.35
637,Aubert,Harvatt,aharvattho@shop-pro.jp,Male,163.32.173.51
638,Crosby,McWhorter,cmcwhorterhp@miitbeian.gov.cn,Male,128.117.107.111
639,Lacie,Bruster,lbrusterhq@studiopress.com,Female,129.218.175.112
640,Torrence,Mottinelli,tmottinellihr@weibo.com,Male,18.230.180.236
641,Gabriell,Bedbrough,gbedbroughhs@forbes.com,Female,16.61.238.206
642,Casandra,Pavitt,cpavittht@mapquest.com,Female,154.202.194.85
643,Berty,Dorrell,bdorrellhu@mlb.com,Female,192.167.48.54
644,Pren,Tows,ptowshv@sciencedirect.com,Male,77.234.23.49
645,Oliy,Blacksell,oblacksellhw@macromedia.com,Female,81.75.244.63
646,Anni,Delgado,adelgadohx@pen.io,Female,192.90.92.34
647,Giuditta,Beck,gbeckhy@ihg.com,Female,93.55.92.206
648,Glynda,Netti,gnettihz@aboutads.info,Female,142.10.222.69
649,Vivia,Elmhirst,velmhirsti0@buzzfeed.com,Female,123.87.234.131
650,Doll,Keeney,dkeeneyi1@patch.com,Female,104.97.205.164
651,Allissa,Lighterness,alighternessi2@rakuten.co.jp,Female,172.97.225.193
652,Kimmie,Orange,korangei3@joomla.org,Female,97.134.79.216
653,Penn,Took,ptooki4@twitpic.com,Male,42.67.5.169
654,Nathalie,O'Cuddie,nocuddiei5@weather.com,Female,79.21.206.132
655,Jarrid,Millican,jmillicani6@google.ca,Male,49.150.103.219
656,Nomi,D'Orsay,ndorsayi7@disqus.com,Female,207.241.198.184
657,Abe,Humerstone,ahumerstonei8@usa.gov,Male,207.61.255.31
658,Winfield,Feather,wfeatheri9@sphinn.com,Male,37.185.134.164
659,Patty,Abrahmovici,pabrahmoviciia@msu.edu,Female,204.198.198.29
660,Lowell,Jerome,ljeromeib@ftc.gov,Male,134.104.127.125
661,Dianna,Fairburn,dfairburnic@diigo.com,Female,93.191.166.233
662,Thorvald,Woolfoot,twoolfootid@booking.com,Male,71.106.218.174
663,Jada,Grayer,jgrayerie@squidoo.com,Female,162.69.38.141
664,Elmer,Yerby,eyerbyif@blogspot.com,Male,25.156.121.234
665,Renelle,Stepto,rsteptoig@craigslist.org,Female,58.78.152.162
666,Meryl,Oldford,moldfordih@desdev.cn,Male,76.255.65.52
667,Gale,Elliston,gellistonii@godaddy.com,Female,38.131.147.171
668,Bale,Muddimer,bmuddimerij@taobao.com,Male,243.159.236.20
669,Moses,Mordecai,mmordecaiik@instagram.com,Male,223.42.6.247
670,Carmelina,Howatt,chowattil@buzzfeed.com,Female,22.216.143.216
671,Payton,Shayler,pshaylerim@digg.com,Male,231.221.236.31
672,Damiano,Baughen,dbaughenin@go.com,Male,38.58.94.115
673,Lorena,Lavington,llavingtonio@de.vu,Female,159.230.249.61
674,Harriet,Giorgio,hgiorgioip@wordpress.com,Female,18.31.184.207
675,Elora,Rodenburgh,erodenburghiq@naver.com,Female,15.204.52.8
676,Nichol,Koppens,nkoppensir@adobe.com,Female,160.146.189.146
677,Gerti,Villaron,gvillaronis@eventbrite.com,Female,49.140.93.129
678,Bliss,Winspare,bwinspareit@nymag.com,Female,107.239.182.9
679,Pietra,Bayns,pbaynsiu@biblegateway.com,Female,34.74.89.102
680,Chrissie,Mapledoore,cmapledooreiv@opensource.org,Male,50.113.122.223
681,Florry,Formby,fformbyiw@hp.com,Female,132.89.205.203
682,Yevette,Garrow,ygarrowix@amazon.co.uk,Female,190.96.86.255
683,Theressa,McOrkill,tmcorkilliy@alibaba.com,Female,1.135.252.159
684,Georgina,Diggons,gdiggonsiz@utexas.edu,Female,117.82.177.154
685,Kathy,Hinchshaw,khinchshawj0@microsoft.com,Female,242.158.130.6
686,Karin,Mowson,kmowsonj1@blogs.com,Female,13.115.178.93
687,Jolee,Ralston,jralstonj2@a8.net,Female,3.134.18.25
688,Sondra,Malone,smalonej3@rambler.ru,Female,20.175.89.253
689,Kata,Darthe,kdarthej4@goo.gl,Female,40.150.199.28
690,Pat,Tatershall,ptatershallj5@sina.com.cn,Female,56.20.191.128
691,Willi,Blain,wblainj6@blinklist.com,Female,116.93.252.51
692,Midge,Sauven,msauvenj7@topsy.com,Female,126.196.174.8
693,Elle,Eveling,eevelingj8@123-reg.co.uk,Female,45.229.172.173
694,Mabel,Keynd,mkeyndj9@unblog.fr,Female,204.228.85.202
695,Kile,Cann,kcannja@cafepress.com,Male,56.222.240.65
696,Kendall,Quig,kquigjb@tuttocitta.it,Male,164.139.137.79
697,Rudd,Nutt,rnuttjc@kickstarter.com,Male,202.222.220.120
698,Maxy,Linnit,mlinnitjd@facebook.com,Female,191.107.193.220
699,Verney,Colbeck,vcolbeckje@xinhuanet.com,Male,5.101.16.205
700,Vito,Lodo,vlodojf@timesonline.co.uk,Male,145.42.134.28
701,Hubie,Barmadier,hbarmadierjg@bluehost.com,Male,196.186.72.93
702,Thain,Sheer,tsheerjh@edublogs.org,Male,247.230.74.55
703,Jillene,Whenham,jwhenhamji@dropbox.com,Female,60.32.74.247
704,Ahmad,Sheeres,asheeresjj@godaddy.com,Male,208.254.78.184
705,Bonnee,Powis,bpowisjk@guardian.co.uk,Female,112.69.207.76
706,Wadsworth,Skalls,wskallsjl@seesaa.net,Male,221.148.122.135
707,Andreas,De la Feld,adelafeldjm@purevolume.com,Male,56.157.72.46
708,Tracie,Livett,tlivettjn@nih.gov,Female,212.49.41.84
709,Mathe,Merdew,mmerdewjo@ucoz.ru,Male,190.86.68.114
710,Dinah,Holbarrow,dholbarrowjp@vkontakte.ru,Female,171.238.144.52
711,Keary,Crossfield,kcrossfieldjq@reuters.com,Male,185.156.178.74
712,Liane,Muat,lmuatjr@europa.eu,Female,211.87.44.218
713,Thacher,Ribbens,tribbensjs@boston.com,Male,149.135.34.152
714,Albie,Garforth,agarforthjt@nps.gov,Male,52.156.171.80
715,Debor,Austing,daustingju@sun.com,Female,142.170.161.194
716,Donnie,Crab,dcrabjv@bizjournals.com,Male,202.69.33.89
717,Mitchel,Varey,mvareyjw@gravatar.com,Male,62.78.86.91
718,Karla,Coate,kcoatejx@un.org,Female,186.176.184.52
719,Amelie,Lejeune,alejeunejy@statcounter.com,Female,255.183.70.85
720,Antoinette,Fortescue,afortescuejz@github.com,Female,216.92.221.133
721,Marlene,Joire,mjoirek0@dailymail.co.uk,Female,181.147.191.7
722,Alistair,Falck,afalckk1@howstuffworks.com,Male,119.122.20.33
723,Aileen,Merrywether,amerrywetherk2@mediafire.com,Female,99.64.78.184
724,Romeo,De Brett,rdebrettk3@yolasite.com,Male,2.131.227.74
725,Barnabe,Lipscomb,blipscombk4@yelp.com,Male,233.209.102.164
726,Monah,Luxon,mluxonk5@tinyurl.com,Female,89.225.27.136
727,Kiley,Kincey,kkinceyk6@123-reg.co.uk,Male,47.230.111.150
728,Brier,Loveguard,bloveguardk7@flickr.com,Female,38.50.56.239
729,Shannon,Rudinger,srudingerk8@ox.ac.uk,Female,99.174.31.232
730,Hastie,Peyzer,hpeyzerk9@ebay.co.uk,Male,31.242.201.78
731,Bibbie,Verner,bvernerka@dell.com,Female,38.111.150.161
732,Eleanora,Glassford,eglassfordkb@google.com.au,Female,126.8.47.206
733,Lizzie,Valsler,lvalslerkc@prweb.com,Female,82.47.55.113
734,Griffin,Heino,gheinokd@goo.gl,Male,105.157.115.23
735,Pauly,Swanne,pswanneke@google.pl,Female,5.98.82.34
736,Timothee,Duggon,tduggonkf@mac.com,Male,73.131.101.239
737,Happy,Dungee,hdungeekg@github.com,Female,203.154.95.240
738,Josselyn,Copner,jcopnerkh@blogspot.com,Female,210.64.48.177
739,Boyd,Heild,bheildki@state.tx.us,Male,96.104.53.205
740,Jermayne,Aldin,jaldinkj@yelp.com,Male,157.65.38.24
741,Jacquie,Harron,jharronkk@twitpic.com,Female,98.24.63.214
742,Tirrell,Westmoreland,twestmorelandkl@bloomberg.com,Male,214.159.189.226
743,Reidar,Prugel,rprugelkm@wikipedia.org,Male,150.221.113.64
744,Mick,Romaynes,mromayneskn@altervista.org,Male,67.3.148.209
745,Johann,Worham,jworhamko@jugem.jp,Male,228.178.46.132
746,Ermentrude,Streak,estreakkp@taobao.com,Female,61.40.136.155
747,Tim,Kleinsmuntz,tkleinsmuntzkq@psu.edu,Male,222.181.55.4
748,Neila,Islip,nislipkr@ucoz.com,Female,26.102.118.27
749,Maje,Malitrott,mmalitrottks@nba.com,Male,102.36.176.57
750,El,Jobbing,ejobbingkt@loc.gov,Male,7.184.87.7
751,Clerissa,Inglesent,cinglesentku@ning.com,Female,34.72.89.239
752,Melinde,MacGruer,mmacgruerkv@cafepress.com,Female,69.116.35.91
753,Deni,Fawks,dfawkskw@dailymotion.com,Female,149.141.134.182
754,Kale,Dessant,kdessantkx@dropbox.com,Male,5.129.138.139
755,Liane,Heggison,lheggisonky@oakley.com,Female,220.6.67.28
756,Murdoch,Pitkins,mpitkinskz@usgs.gov,Male,244.185.27.129
757,Jaquelin,Spatari,jspataril0@wunderground.com,Female,201.24.45.162
758,Amy,Jenoure,ajenourel1@stanford.edu,Female,223.69.206.253
759,Ferdinanda,Deverson,fdeversonl2@globo.com,Female,237.74.7.137
760,Kingsley,Chupin,kchupinl3@slate.com,Male,26.197.204.214
761,Garvy,Yakhin,gyakhinl4@deliciousdays.com,Male,101.243.60.210
762,Gabriele,Latchmore,glatchmorel5@twitpic.com,Male,156.241.190.37
763,Nichole,McClaughlin,nmcclaughlinl6@moonfruit.com,Male,63.128.26.124
764,Lawry,Chapelhow,lchapelhowl7@google.it,Male,188.167.46.81
765,Bunny,Meckiff,bmeckiffl8@pagesperso-orange.fr,Female,52.228.196.79
766,Karlotta,Checchetelli,kchecchetellil9@about.me,Female,57.145.72.81
767,Leupold,Waliszek,lwaliszekla@fc2.com,Male,232.91.20.145
768,Lay,Willden,lwilldenlb@hhs.gov,Male,104.86.10.216
769,Chrisy,Crass,ccrasslc@prweb.com,Male,163.15.186.211
770,Kristofer,Coupar,kcouparld@alexa.com,Male,38.190.139.242
771,Humfrid,Cairns,hcairnsle@google.es,Male,34.49.136.238
772,Blayne,Thackham,bthackhamlf@berkeley.edu,Male,254.179.223.102
773,Aimil,Goding,agodinglg@webeden.co.uk,Female,234.27.32.12
774,Mandi,Dancer,mdancerlh@hugedomains.com,Female,5.46.5.94
775,Nikola,Dzenisenka,ndzenisenkali@zimbio.com,Male,237.132.111.207
776,Grover,Goodlip,ggoodliplj@jugem.jp,Male,224.32.82.156
777,Tiler,Rainard,trainardlk@utexas.edu,Male,230.31.34.36
778,Seward,Stile,sstilell@amazon.de,Male,6.145.17.93
779,Gustavo,Kalkofer,gkalkoferlm@woothemes.com,Male,200.240.125.139
780,Mada,Denyagin,mdenyaginln@wikimedia.org,Female,130.89.184.210
781,Cletis,Wilbore,cwilborelo@shareasale.com,Male,201.152.224.46
782,Anne-marie,Ceyssen,aceyssenlp@nsw.gov.au,Female,71.206.121.18
783,Miles,Packman,mpackmanlq@ihg.com,Male,36.141.8.97
784,Valery,Ianno,viannolr@nhs.uk,Female,26.17.231.133
785,Hogan,Hellin,hhellinls@arstechnica.com,Male,1.180.100.240
786,Twila,Reichelt,treicheltlt@geocities.jp,Female,160.239.9.148
787,Wally,Luna,wlunalu@theatlantic.com,Male,183.17.63.173
788,Gard,Cowlard,gcowlardlv@linkedin.com,Male,17.78.231.102
789,Lesley,Toman,ltomanlw@usgs.gov,Female,77.107.50.21
790,Jinny,Hamly,jhamlylx@scribd.com,Female,58.132.63.214
791,Amitie,Concklin,aconcklinly@gravatar.com,Female,163.176.150.2
792,Tami,Matz,tmatzlz@naver.com,Female,73.173.76.150
793,Cathie,Eneas,ceneasm0@instagram.com,Female,220.69.192.186
794,Kalle,Gosnay,kgosnaym1@dailymotion.com,Male,222.141.209.175
795,Monah,Possa,mpossam2@chicagotribune.com,Female,50.152.138.211
796,Morly,Minihan,mminihanm3@wix.com,Male,81.6.27.78
797,Deidre,Gogie,dgogiem4@issuu.com,Female,47.152.135.87
798,Keven,Cristou,kcristoum5@seesaa.net,Male,104.249.212.19
799,Remus,Shickle,rshicklem6@google.com.au,Male,137.56.138.139
800,Roscoe,Lindsey,rlindseym7@mit.edu,Male,199.21.106.176
801,Annaliese,Wallman,awallmanm8@blog.com,Female,108.101.252.90
802,Carce,Larder,clarderm9@tinypic.com,Male,44.78.217.147
803,Delia,O'Henecan,dohenecanma@twitpic.com,Female,166.240.58.49
804,Kerr,Geck,kgeckmb@ycombinator.com,Male,163.61.27.214
805,Hobart,Clarkin,hclarkinmc@nydailynews.com,Male,230.226.58.53
806,Corbin,Matantsev,cmatantsevmd@nymag.com,Male,50.12.36.91
807,Vernen,Bruins,vbruinsme@washington.edu,Male,111.23.232.155
808,Audrey,Rapley,arapleymf@google.de,Female,186.151.88.53
809,Kass,Josland,kjoslandmg@people.com.cn,Female,96.13.242.115
810,Row,Misselbrook,rmisselbrookmh@pinterest.com,Female,111.31.93.12
811,Marina,Bolletti,mbollettimi@adobe.com,Female,210.4.217.56
812,Coralie,Chape,cchapemj@homestead.com,Female,55.208.232.91
813,Bertram,Fawssett,bfawssettmk@unc.edu,Male,183.137.135.193
814,Marigold,Messager,mmessagerml@freewebs.com,Female,215.26.91.67
815,Webster,Fairbrother,wfairbrothermm@mlb.com,Male,99.128.224.140
816,Roberto,Bodell,rbodellmn@mit.edu,Male,195.216.224.115
817,Lucia,Reef,lreefmo@fastcompany.com,Female,100.56.3.241
818,Claudie,Toothill,ctoothillmp@nymag.com,Female,155.89.122.162
819,Almeta,Randle,arandlemq@unc.edu,Female,90.18.195.56
820,Colet,Rennicks,crennicksmr@toplist.cz,Male,117.213.148.168
821,Carlo,Beynon,cbeynonms@zimbio.com,Male,50.214.214.41
822,L;urette,Monkhouse,lmonkhousemt@japanpost.jp,Female,65.160.74.212
823,Darlleen,Greenhaugh,dgreenhaughmu@wikispaces.com,Female,154.58.101.234
824,Jedidiah,McNamee,jmcnameemv@devhub.com,Male,175.54.210.233
825,Grissel,O'Cullinane,gocullinanemw@amazon.com,Female,15.73.62.123
826,Rae,Constantinou,rconstantinoumx@is.gd,Female,47.253.211.180
827,Dorice,Douty,ddoutymy@sohu.com,Female,5.74.59.11
828,Gilbertina,Culshaw,gculshawmz@bluehost.com,Female,124.65.192.223
829,Prentice,Farlambe,pfarlamben0@hexun.com,Male,230.25.48.183
830,Zackariah,Nares,znaresn1@dyndns.org,Male,211.108.59.37
831,Anastasia,Reburn,areburnn2@vinaora.com,Female,152.62.176.38
832,Lina,Godfray,lgodfrayn3@163.com,Female,220.190.239.84
833,Baily,Booeln,bbooelnn4@va.gov,Male,197.130.190.54
834,Serena,Kollaschek,skollaschekn5@economist.com,Female,173.250.167.163
835,Keelby,Brevetor,kbrevetorn6@flavors.me,Male,141.227.84.127
836,Gaspard,Millea,gmillean7@oaic.gov.au,Male,17.5.246.212
837,Beverlee,Messager,bmessagern8@sourceforge.net,Female,167.232.175.112
838,Phillie,Farragher,pfarraghern9@rambler.ru,Female,41.163.176.38
839,Brittani,Mordaunt,bmordauntna@cnn.com,Female,78.215.140.22
840,Cindie,Scarse,cscarsenb@nhs.uk,Female,147.117.35.161
841,Amii,Nyles,anylesnc@marriott.com,Female,4.105.155.92
842,Tessie,Lisett,tlisettnd@rakuten.co.jp,Female,86.238.252.4
843,Iago,Aslin,iaslinne@auda.org.au,Male,220.149.193.171
844,Rudolf,Czajkowski,rczajkowskinf@flickr.com,Male,64.241.142.14
845,Dory,Charker,dcharkerng@go.com,Female,155.20.35.123
846,Livvy,Peacey,lpeaceynh@aol.com,Female,57.157.126.197
847,Bianca,Gioani,bgioanini@facebook.com,Female,93.70.232.115
848,Karon,Volkes,kvolkesnj@unc.edu,Female,41.170.40.59
849,Renard,Sifleet,rsifleetnk@cornell.edu,Male,161.14.122.227
850,Reidar,Bavester,rbavesternl@webnode.com,Male,103.175.67.161
851,Dore,Colyer,dcolyernm@i2i.jp,Female,55.151.249.98
852,Oliy,Kiddy,okiddynn@cloudflare.com,Female,168.105.139.91
853,Shelli,Elloit,selloitno@shutterfly.com,Female,164.179.94.180
854,Tito,Borsay,tborsaynp@bbc.co.uk,Male,54.65.120.137
855,Emmaline,Jeppensen,ejeppensennq@free.fr,Female,173.65.48.164
856,Genni,Glen,gglennr@behance.net,Female,181.231.109.48
857,Karen,Craighall,kcraighallns@npr.org,Female,7.184.170.177
858,Lucinda,Kilmurry,lkilmurrynt@livejournal.com,Female,9.86.225.162
859,Zacharia,Giraudo,zgiraudonu@de.vu,Male,45.132.174.220
860,Alva,Sentinella,asentinellanv@fastcompany.com,Male,49.250.72.77
861,Matthieu,Royce,mroycenw@census.gov,Male,29.19.14.28
862,Baryram,Boncoeur,bboncoeurnx@creativecommons.org,Male,207.73.112.179
863,Thomasin,Wolverson,twolversonny@flavors.me,Female,118.2.147.113
864,Grata,McAless,gmcalessnz@topsy.com,Female,86.61.177.228
865,Hope,Rawstorn,hrawstorno0@sfgate.com,Female,36.80.221.190
866,Jeno,Morrant,jmorranto1@smugmug.com,Male,32.11.112.59
867,Yvonne,Canario,ycanarioo2@intel.com,Female,184.191.116.132
868,Ellissa,Borkin,eborkino3@boston.com,Female,21.200.106.118
869,Michele,Bussel,mbusselo4@accuweather.com,Female,17.139.235.128
870,Neal,Kirtland,nkirtlando5@pen.io,Male,42.162.137.208
871,Katrine,Marriott,kmarriotto6@mediafire.com,Female,250.65.120.237
872,Giovanna,Lishman,glishmano7@ed.gov,Female,164.163.237.86
873,Nobe,Purshouse,npurshouseo8@guardian.co.uk,Male,77.135.147.186
874,Grazia,Hadley,ghadleyo9@usda.gov,Female,93.88.232.181
875,Seka,Instock,sinstockoa@intel.com,Female,247.246.66.184
876,Tammie,Bentote,tbentoteob@furl.net,Female,102.241.57.234
877,Zara,Spicer,zspiceroc@shinystat.com,Female,24.61.121.74
878,Simeon,Bezants,sbezantsod@mediafire.com,Male,106.87.123.239
879,Garrot,Valentinuzzi,gvalentinuzzioe@epa.gov,Male,223.54.215.213
880,Lonee,D'Souza,ldsouzaof@lycos.com,Female,243.224.188.235
881,Gun,Morphet,gmorphetog@icq.com,Male,255.189.238.14
882,Mathian,Habercham,mhaberchamoh@drupal.org,Male,200.206.181.195
883,Sidonia,Housbey,shousbeyoi@php.net,Female,36.86.114.111
884,Eadmund,Stinson,estinsonoj@globo.com,Male,130.35.96.154
885,Rochella,Anchor,ranchorok@smugmug.com,Female,92.31.107.23
886,Kelcie,Goldby,kgoldbyol@google.ru,Female,208.15.210.252
887,Chloette,McColley,cmccolleyom@wikia.com,Female,184.156.178.224
888,Demetra,Barkhouse,dbarkhouseon@php.net,Female,207.117.102.173
889,Alisun,Bailiss,abailissoo@spiegel.de,Female,65.156.36.215
890,Britni,Ginn,bginnop@edublogs.org,Female,109.135.243.220
891,Bartholomew,Shavel,bshaveloq@ameblo.jp,Male,186.111.83.176
892,Brynn,Flawn,bflawnor@cargocollective.com,Female,8.0.45.202
893,Grayce,Bunclark,gbunclarkos@mac.com,Female,180.104.85.61
894,Giraldo,Shingfield,gshingfieldot@google.es,Male,122.148.156.204
895,Jasen,Kainz,jkainzou@desdev.cn,Male,254.190.163.237
896,Sloane,Magrane,smagraneov@ucoz.com,Male,43.32.122.29
897,Dianne,Bocock,dbocockow@list-manage.com,Female,174.46.91.172
898,Sol,Wisbey,swisbeyox@w3.org,Male,94.220.210.198
899,Corny,Piggott,cpiggottoy@imdb.com,Female,204.55.209.112
900,Priscella,Bozworth,pbozworthoz@house.gov,Female,152.248.102.21
901,Derron,Heild,dheildp0@chronoengine.com,Male,86.111.1.147
902,Rebecka,Hammill,rhammillp1@theguardian.com,Female,114.162.2.200
903,Saundra,Cattrall,scattrallp2@dropbox.com,Male,150.110.203.196
904,Meredith,Dobrovsky,mdobrovskyp3@myspace.com,Male,169.70.140.52
905,Omar,Maren,omarenp4@comsenz.com,Male,16.220.93.84
906,Kissie,McQuorkell,kmcquorkellp5@histats.com,Female,242.6.41.224
907,Maggy,Blaksley,mblaksleyp6@dot.gov,Female,66.173.204.231
908,Alanah,Deverell,adeverellp7@fotki.com,Female,165.129.175.130
909,Lee,Dillaway,ldillawayp8@livejournal.com,Female,220.36.99.126
910,Ware,Jesson,wjessonp9@irs.gov,Male,222.27.80.42
911,Andrea,Wittier,awittierpa@psu.edu,Male,3.0.184.112
912,Wendeline,Biggin,wbigginpb@slideshare.net,Female,79.21.18.122
913,Julietta,Izakof,jizakofpc@soundcloud.com,Female,25.97.121.69
914,Flemming,Kabisch,fkabischpd@tmall.com,Male,82.126.190.54
915,Dorothee,Heckner,dhecknerpe@virginia.edu,Female,89.136.128.203
916,Martita,Sherborne,msherbornepf@naver.com,Female,96.121.110.16
917,Jasen,Boner,jbonerpg@is.gd,Male,241.17.220.88
918,Letisha,Privett,lprivettph@mtv.com,Female,238.42.115.119
919,Graeme,Yeude,gyeudepi@opera.com,Male,145.229.236.65
920,Joellyn,Schapero,jschaperopj@rakuten.co.jp,Female,247.84.33.140
921,Barron,Draude,bdraudepk@archive.org,Male,151.34.230.224
922,Bessie,Pennone,bpennonepl@opera.com,Female,25.94.61.220
923,Washington,Kitchinghan,wkitchinghanpm@livejournal.com,Male,16.236.169.2
924,Robinett,Gopsill,rgopsillpn@mit.edu,Female,76.79.158.218
925,Johan,Iacovaccio,jiacovacciopo@netvibes.com,Male,77.251.25.253
926,Theodore,Aldersey,talderseypp@digg.com,Male,194.191.16.244
927,Mary,Syrad,msyradpq@mit.edu,Female,72.206.201.102
928,Joya,Harkus,jharkuspr@twitter.com,Female,128.4.134.193
929,Boniface,Ramble,brambleps@newsvine.com,Male,244.14.189.200
930,Ezequiel,Glantz,eglantzpt@shinystat.com,Male,9.1.196.21
931,Marlow,Opie,mopiepu@mac.com,Male,85.195.98.202
932,Alexio,Labbati,alabbatipv@sitemeter.com,Male,155.19.251.42
933,Roth,Hinder,rhinderpw@webmd.com,Male,161.68.226.41
934,Magda,Borsnall,mborsnallpx@ft.com,Female,52.138.170.62
935,Robbert,Noye,rnoyepy@state.tx.us,Male,97.174.180.190
936,Bernardina,Males,bmalespz@ebay.com,Female,233.109.102.13
937,Orin,Armour,oarmourq0@forbes.com,Male,169.90.29.52
938,Del,Revell,drevellq1@columbia.edu,Male,73.67.203.180
939,Ilise,Domegan,idomeganq2@etsy.com,Female,81.52.7.185
940,Bronnie,Speaks,bspeaksq3@xinhuanet.com,Male,28.109.157.144
941,Ileane,Highman,ihighmanq4@vimeo.com,Female,210.118.124.162
942,Tanny,Spondley,tspondleyq5@sbwire.com,Male,241.153.202.61
943,Ariel,Boch,abochq6@gizmodo.com,Male,169.111.123.36
944,Madge,Barnewell,mbarnewellq7@tamu.edu,Female,30.106.41.179
945,Arlena,Speechley,aspeechleyq8@paginegialle.it,Female,126.137.105.250
946,Berkly,Borley,bborleyq9@thetimes.co.uk,Male,235.95.166.127
947,Yvette,Vallis,yvallisqa@cmu.edu,Female,219.42.42.47
948,Hyacinthia,Moine,hmoineqb@paginegialle.it,Female,183.71.41.109
949,Sadye,Klinck,sklinckqc@privacy.gov.au,Female,218.174.46.158
950,Karlan,Switzer,kswitzerqd@apache.org,Male,1.202.92.211
951,Peria,Wilcott,pwilcottqe@webnode.com,Female,168.253.245.154
952,Dean,Christon,dchristonqf@economist.com,Male,185.132.47.25
953,Nikolaus,Antognoni,nantognoniqg@apple.com,Male,80.240.117.233
954,Dietrich,Skures,dskuresqh@microsoft.com,Male,226.187.238.252
955,Bernadene,Paulley,bpaulleyqi@slate.com,Female,139.242.197.220
956,Domingo,Vickarman,dvickarmanqj@simplemachines.org,Male,170.246.246.192
957,Jasmin,Akroyd,jakroydqk@sciencedirect.com,Female,50.42.70.112
958,Baldwin,Strotone,bstrotoneql@gravatar.com,Male,253.166.141.191
959,Hubie,Bendall,hbendallqm@soup.io,Male,42.58.82.151
960,Pierre,Groarty,pgroartyqn@flickr.com,Male,18.162.162.198
961,Enid,Bollum,ebollumqo@creativecommons.org,Female,152.249.55.100
962,Cordy,Bedbury,cbedburyqp@github.io,Male,62.49.85.215
963,Euphemia,Jacks,ejacksqq@gizmodo.com,Female,96.82.3.135
964,Ky,Stollsteiner,kstollsteinerqr@ask.com,Male,119.73.59.106
965,Jesse,Scotchford,jscotchfordqs@upenn.edu,Male,195.145.89.98
966,Elga,Routham,erouthamqt@jiathis.com,Female,29.52.223.192
967,Korey,Wincer,kwincerqu@photobucket.com,Male,194.119.215.117
968,Cinda,Brugmann,cbrugmannqv@alexa.com,Female,158.209.188.157
969,Gweneth,De Maine,gdemaineqw@joomla.org,Female,210.197.195.167
970,Neely,Greswell,ngreswellqx@wikispaces.com,Female,113.19.65.38
971,Jeffrey,Crone,jcroneqy@tripadvisor.com,Male,167.81.117.1
972,Melonie,Elacoate,melacoateqz@fda.gov,Female,109.37.121.126
973,Geralda,Tumini,gtuminir0@google.com.hk,Female,240.33.92.55
974,Jarrad,Bensen,jbensenr1@upenn.edu,Male,244.92.220.73
975,Mendy,Kunze,mkunzer2@mapquest.com,Male,129.119.149.166
976,Diane,Kelson,dkelsonr3@sohu.com,Female,62.18.105.180
977,Dede,Phinn,dphinnr4@elpais.com,Female,130.171.118.167
978,Gerri,Myott,gmyottr5@prweb.com,Female,194.95.219.159
979,Dex,Eallis,deallisr6@people.com.cn,Male,139.93.13.171
980,Angelika,Gaul,agaulr7@wikispaces.com,Female,81.97.176.98
981,Steffie,MacDavitt,smacdavittr8@jimdo.com,Female,109.27.129.102
982,Wyatan,Boays,wboaysr9@imdb.com,Male,235.170.106.87
983,Leland,Roj,lrojra@ustream.tv,Female,175.204.171.116
984,Timofei,Diplock,tdiplockrb@army.mil,Male,54.197.36.146
985,Cori,Vaillant,cvaillantrc@baidu.com,Male,231.98.148.64
986,Jarred,Airs,jairsrd@newyorker.com,Male,42.25.240.168
987,Garey,Parnell,gparnellre@ifeng.com,Male,252.224.102.45
988,Gennie,Burnhams,gburnhamsrf@netscape.com,Female,78.93.194.2
989,Stephanus,Gard,sgardrg@wordpress.com,Male,136.222.250.192
990,Joelynn,Suttaby,jsuttabyrh@friendfeed.com,Female,205.76.97.220
991,Filbert,Aylett,faylettri@hibu.com,Male,248.56.104.217
992,Rolland,McDaid,rmcdaidrj@reference.com,Male,56.219.231.133
993,Farrah,Simukov,fsimukovrk@newsvine.com,Female,80.202.191.40
994,Raquel,Gatchell,rgatchellrl@reddit.com,Female,17.34.197.8
995,Willem,Romeuf,wromeufrm@ameblo.jp,Male,97.43.255.96
996,Belvia,Jex,bjexrn@meetup.com,Female,233.27.35.186
997,Rusty,Gerrad,rgerradro@biglobe.ne.jp,Male,149.136.149.165
998,Julia,Brandrick,jbrandrickrp@webs.com,Female,181.26.66.27
999,Lilah,Rainger,lraingerrq@flickr.com,Female,160.107.189.232
1000,Renato,Vanyukov,rvanyukovrr@baidu.com,Male,19.58.134.216
