id,first_name,last_name,email,gender,ip_address
1,Pavel,Sturgeon,psturgeon0@infoseek.co.jp,Male,17.168.21.94
2,Coreen,McIlvaney,cmcilvaney1@arstechnica.com,Female,0.246.158.212
3,Cosme,Rottery,crottery2@epa.gov,Male,70.217.99.165
4,Timmie,Ivshin,tivshin3@tiny.cc,Female,86.206.111.144
5,Keefer,Jumont,kjumont4@mysql.com,Male,33.118.137.142
6,Danya,Ponten,dponten5@mayoclinic.com,Male,245.93.202.187
7,Wren,Van den Oord,wvandenoord6@nyu.edu,Female,74.121.63.40
8,Veronike,Bramwich,vbramwich7@jimdo.com,Female,125.91.252.144
9,Lesly,Durrell,ldurrell8@cnn.com,Female,11.251.82.136
10,Henri,Burnard,hburnard9@twitpic.com,Male,4.145.248.145
11,Cariotta,Asling,caslinga@people.com.cn,Female,13.126.60.65
12,Dougie,Wimms,dwimmsb@exblog.jp,Male,74.105.192.199
13,Gardie,Voice,gvoicec@oakley.com,Male,182.225.164.147
14,Kaycee,Reinhardt,kreinhardtd@freewebs.com,Female,249.34.213.106
15,Kyrstin,Wills,kwillse@51.la,Female,12.52.131.222
16,Clifford,Drogan,cdroganf@yahoo.com,Male,249.140.232.162
17,Lem,Moylan,lmoylang@globo.com,Male,189.150.16.192
18,Ari,Kleewein,akleeweinh@mysql.com,Male,75.102.141.190
19,Bastien,Thormann,bthormanni@ed.gov,Male,108.64.169.196
20,Daron,Lethbrig,dlethbrigj@live.com,Female,94.210.158.159
21,Dionysus,Gaffon,dgaffonk@csmonitor.com,Male,10.141.22.215
22,Francoise,Owtram,fowtraml@yelp.com,Female,187.236.129.251
23,Marielle,Waldera,mwalderam@sun.com,Female,220.147.182.122
24,Dorene,Kolis,dkolisn@delicious.com,Female,132.48.202.142
25,Graeme,Balaam,gbalaamo@telegraph.co.uk,Male,160.196.11.50
26,Lea,Greenfield,lgreenfieldp@yolasite.com,Female,181.16.147.177
27,Gabrielle,Weeke,gweekeq@dagondesign.com,Female,200.11.222.128
28,Dominique,Winstone,dwinstoner@usa.gov,Female,178.130.94.24
29,Meggy,Rosingdall,mrosingdalls@constantcontact.com,Female,83.238.152.42
30,Andie,Mackie,amackiet@msn.com,Male,10.147.222.178
31,Delores,Shobrook,dshobrooku@umich.edu,Female,51.117.207.114
32,Nanice,Hegarty,nhegartyv@dagondesign.com,Female,233.109.149.219
33,Lyn,Osmar,losmarw@columbia.edu,Female,69.97.43.154
34,Fiorenze,Leeds,fleedsx@shop-pro.jp,Female,221.206.25.4
35,Shamus,Costar,scostary@china.com.cn,Male,209.243.120.101
36,Levy,Santora,lsantoraz@wikispaces.com,Male,81.197.143.99
37,Birk,Wallach,bwallach10@netscape.com,Male,13.234.156.190
38,Simon,Totaro,stotaro11@symantec.com,Male,25.221.152.19
39,Shaylah,Frenzl,sfrenzl12@drupal.org,Female,98.211.77.115
40,Caldwell,Burton,cburton13@bandcamp.com,Male,245.253.79.153
41,Darlene,Lyes,dlyes14@oracle.com,Female,82.2.12.24
42,Monica,Frontczak,mfrontczak15@nps.gov,Female,123.214.177.7
43,Obidiah,Espinazo,oespinazo16@netvibes.com,Male,58.237.38.217
44,Julee,Romagnosi,jromagnosi17@tiny.cc,Female,176.101.195.195
45,Rachelle,Poley,rpoley18@nifty.com,Female,163.89.92.253
46,Lion,Jurasz,ljurasz19@deliciousdays.com,Male,194.64.73.212
47,Dean,Stormouth,dstormouth1a@constantcontact.com,Male,103.145.52.37
48,Reider,McGrayle,rmcgrayle1b@eventbrite.com,Male,90.12.72.215
49,Oswell,Aldersey,oaldersey1c@go.com,Male,44.129.109.223
50,Neda,Nevinson,nnevinson1d@narod.ru,Female,150.11.97.141
51,Jena,Ecclestone,jecclestone1e@canalblog.com,Female,24.76.185.5
52,Kippar,Westphalen,kwestphalen1f@va.gov,Male,67.47.41.53
53,Corbie,Bernetti,cbernetti1g@go.com,Male,95.145.112.36
54,Milton,Milsom,mmilsom1h@cam.ac.uk,Male,137.149.78.240
55,Toiboid,Urridge,turridge1i@tuttocitta.it,Male,234.13.241.197
56,Morgen,Eddolls,meddolls1j@businessweek.com,Female,5.171.190.161
57,Edyth,Brandin,ebrandin1k@marriott.com,Female,20.216.188.116
58,Ira,Jaumet,ijaumet1l@nba.com,Female,33.153.35.182
59,Selinda,MacSherry,smacsherry1m@apple.com,Female,222.26.189.108
60,Jobie,Lettuce,jlettuce1n@reverbnation.com,Female,75.156.231.17
61,Eric,McCool,emccool1o@constantcontact.com,Male,137.22.107.8
62,Ilse,Yancey,iyancey1p@howstuffworks.com,Female,20.30.207.80
63,Teddie,Petrashov,tpetrashov1q@smugmug.com,Female,54.129.224.247
64,Asa,Saunper,asaunper1r@state.gov,Male,166.165.108.151
65,Gray,Nekrews,gnekrews1s@w3.org,Male,146.128.214.114
66,Hobey,Skittrall,hskittrall1t@lycos.com,Male,225.198.160.212
67,Fayette,Vaughton,fvaughton1u@amazon.co.jp,Female,46.148.208.22
68,Giff,McCullogh,gmccullogh1v@imgur.com,Male,145.139.164.54
69,Benn,Shinton,bshinton1w@ft.com,Male,154.136.69.122
70,Jeanna,Stalman,jstalman1x@digg.com,Female,25.118.200.206
71,Ealasaid,Keepin,ekeepin1y@army.mil,Female,84.121.29.119
72,Brenden,Ffoulkes,bffoulkes1z@tinyurl.com,Male,173.74.172.128
73,Clary,O'Neal,coneal20@springer.com,Female,105.174.177.172
74,Norris,Pask,npask21@free.fr,Male,150.150.117.181
75,Tory,Deverock,tdeverock22@chronoengine.com,Female,140.105.93.189
76,Dorise,Birden,dbirden23@ca.gov,Female,133.88.200.147
77,Ruddie,Spuffard,rspuffard24@diigo.com,Male,167.47.155.110
78,Margaret,Wainscoat,mwainscoat25@xinhuanet.com,Female,225.50.184.163
79,Tobey,Crathorne,tcrathorne26@globo.com,Female,181.177.142.194
80,Mikey,Elms,melms27@ucla.edu,Male,31.109.172.26
81,Merola,Arne,marne28@blogtalkradio.com,Female,192.79.223.50
82,Doris,La Rosa,dlarosa29@buzzfeed.com,Female,215.84.127.5
83,Benedetta,Eilhermann,beilhermann2a@wordpress.com,Female,18.205.106.103
84,Melloney,Peto,mpeto2b@elpais.com,Female,93.125.114.53
85,Shelagh,Guidini,sguidini2c@alibaba.com,Female,104.60.99.21
86,Pierette,Stedson,pstedson2d@163.com,Female,199.163.122.112
87,Louise,Parrot,lparrot2e@sbwire.com,Female,63.121.240.242
88,Fabiano,Nanninini,fnanninini2f@deliciousdays.com,Male,231.77.231.100
89,Warren,Purry,wpurry2g@tripod.com,Male,75.64.4.81
90,Dallas,Arbuckel,darbuckel2h@github.com,Male,99.212.164.176
91,Evan,Falla,efalla2i@howstuffworks.com,Male,124.68.41.227
92,Barron,Anfossi,banfossi2j@bigcartel.com,Male,144.216.51.48
93,Kara-lynn,Doyley,kdoyley2k@mit.edu,Female,163.183.76.133
94,Inez,Faltin,ifaltin2l@cyberchimps.com,Female,243.84.126.219
95,Mayor,Heaps,mheaps2m@blogger.com,Male,108.36.103.18
96,Arlyne,Longfoot,alongfoot2n@symantec.com,Female,126.238.166.120
97,Ephrem,Gimblet,egimblet2o@ameblo.jp,Male,45.35.21.131
98,Nettie,Vanyatin,nvanyatin2p@google.com.br,Female,33.100.43.230
99,Dulciana,Billison,dbillison2q@google.com.hk,Female,61.47.205.149
100,Nessi,Bramwell,nbramwell2r@networkadvertising.org,Female,161.251.0.12
101,Olia,Seneschal,oseneschal2s@theguardian.com,Female,169.142.146.81
102,Malcolm,Revance,mrevance2t@marketwatch.com,Male,103.104.40.128
103,Silas,Bottom,sbottom2u@hugedomains.com,Male,144.161.102.90
104,Nicolai,Arnao,narnao2v@discovery.com,Male,103.158.134.181
105,Charmine,Skaif,cskaif2w@squarespace.com,Female,132.148.151.108
106,Launce,Baillie,lbaillie2x@moonfruit.com,Male,79.247.93.86
107,Steffi,Mahaffey,smahaffey2y@utexas.edu,Female,85.196.38.115
108,Kriste,Saiens,ksaiens2z@about.com,Female,179.167.228.50
109,Bradley,Ragot,bragot30@dot.gov,Male,80.135.141.134
110,Tyler,Mayfield,tmayfield31@cargocollective.com,Male,35.9.111.12
111,Broddy,Pylkynyton,bpylkynyton32@bbb.org,Male,182.190.0.120
112,Tynan,Rix,trix33@wix.com,Male,213.64.130.26
113,Dall,Marques,dmarques34@moonfruit.com,Male,163.138.235.240
114,Harriot,Giacomazzo,hgiacomazzo35@uiuc.edu,Female,168.145.164.182
115,Britteny,Kenney,bkenney36@surveymonkey.com,Female,105.216.195.98
116,Lynda,Armitage,larmitage37@newsvine.com,Female,127.147.183.84
117,Ross,Welling,rwelling38@reverbnation.com,Male,20.1.161.201
118,Jolee,Hammatt,jhammatt39@tamu.edu,Female,184.212.99.255
119,Curry,Bachellier,cbachellier3a@vkontakte.ru,Male,30.171.254.161
120,Zaneta,Wurz,zwurz3b@vimeo.com,Female,216.248.111.106
121,Lettie,McPeck,lmcpeck3c@devhub.com,Female,117.195.77.161
122,Kristina,Renhard,krenhard3d@sina.com.cn,Female,100.39.155.223
123,Zenia,Linck,zlinck3e@upenn.edu,Female,115.127.35.1
124,Tera,Calltone,tcalltone3f@hexun.com,Female,199.140.149.71
125,Cristionna,Cranage,ccranage3g@deliciousdays.com,Female,143.240.143.132
126,Wood,Huntress,whuntress3h@free.fr,Male,199.81.105.141
127,Murvyn,Tesoe,mtesoe3i@xinhuanet.com,Male,238.243.110.4
128,Jamesy,Vasilechko,jvasilechko3j@ihg.com,Male,250.203.2.211
129,Fiann,Fritschel,ffritschel3k@unesco.org,Female,83.44.163.217
130,Alasdair,Haisell,ahaisell3l@nyu.edu,Male,159.85.106.83
131,Vincenty,Burlingham,vburlingham3m@sina.com.cn,Male,112.94.191.42
132,Roberta,Grinstead,rgrinstead3n@behance.net,Female,164.201.6.50
133,Kerwin,Coyne,kcoyne3o@un.org,Male,207.47.60.83
134,Edith,Hasluck,ehasluck3p@goo.gl,Female,254.164.246.255
135,Maribelle,Cammell,mcammell3q@ox.ac.uk,Female,13.141.115.35
136,Friederike,Allicock,fallicock3r@scientificamerican.com,Female,227.154.104.3
137,Wald,D'Arrigo,wdarrigo3s@1688.com,Male,17.205.233.102
138,Ronny,Daily,rdaily3t@twitter.com,Male,175.214.136.36
139,Jacqueline,Kynoch,jkynoch3u@homestead.com,Female,224.90.3.85
140,Timmie,Gerry,tgerry3v@soundcloud.com,Male,243.226.246.208
141,Sergei,Parfett,sparfett3w@purevolume.com,Male,52.122.209.2
142,Darrin,Huckle,dhuckle3x@cocolog-nifty.com,Male,79.100.224.133
143,Anallise,Colecrough,acolecrough3y@meetup.com,Female,156.164.198.148
144,Hillie,Tebboth,htebboth3z@amazon.co.jp,Male,59.52.253.26
145,Waiter,Vasler,wvasler40@naver.com,Male,84.116.244.81
146,Town,Seed,tseed41@sohu.com,Male,19.123.195.124
147,Arne,Luppitt,aluppitt42@pcworld.com,Male,106.147.33.105
148,Cris,Burvill,cburvill43@baidu.com,Female,173.102.106.184
149,Margit,Siberry,msiberry44@scribd.com,Female,102.64.108.133
150,Blithe,Samter,bsamter45@discuz.net,Female,122.212.255.167
151,Linnell,Blackston,lblackston46@photobucket.com,Female,188.13.165.122
152,Rosemaria,Heape,rheape47@craigslist.org,Female,210.249.66.205
153,Nadine,Edelston,nedelston48@dedecms.com,Female,85.240.5.159
154,Gannon,Espinos,gespinos49@yolasite.com,Male,201.59.141.46
155,Munmro,Minchi,mminchi4a@histats.com,Male,48.183.9.47
156,Reinhold,Dight,rdight4b@sciencedaily.com,Male,184.162.110.75
157,Lawry,Everingham,leveringham4c@dedecms.com,Male,192.240.151.242
158,Audrey,MacAllen,amacallen4d@statcounter.com,Female,176.196.137.40
159,Desmund,Alexandrescu,dalexandrescu4e@bbb.org,Male,164.245.122.215
160,Bert,Arrington,barrington4f@unicef.org,Male,128.72.73.142
161,Petronella,Tissell,ptissell4g@tiny.cc,Female,99.58.81.138
162,Heinrick,Bampford,hbampford4h@msu.edu,Male,130.155.228.248
163,Julietta,Lealle,jlealle4i@phpbb.com,Female,48.40.41.38
164,Tabby,Parriss,tparriss4j@jugem.jp,Male,99.169.24.156
165,Ellsworth,Stephens,estephens4k@blogspot.com,Male,39.222.236.22
166,Hillery,Blayd,hblayd4l@facebook.com,Male,182.233.172.1
167,Jerrie,Mounsey,jmounsey4m@wunderground.com,Male,255.192.55.172
168,Amie,Mumby,amumby4n@pen.io,Female,237.95.106.35
169,Vernor,Bessent,vbessent4o@washington.edu,Male,154.83.109.16
170,Dene,Shiers,dshiers4p@de.vu,Male,63.200.254.225
171,Candida,Heaton,cheaton4q@is.gd,Female,195.88.78.171
172,Helga,Skippings,hskippings4r@yahoo.com,Female,196.216.61.119
173,Kirstin,McCrackan,kmccrackan4s@macromedia.com,Female,43.68.188.67
174,Marcelle,Rannie,mrannie4t@merriam-webster.com,Female,50.198.234.209
175,Elisha,Briatt,ebriatt4u@theglobeandmail.com,Male,57.237.59.41
176,Elvyn,Panther,epanther4v@walmart.com,Male,239.228.195.243
177,Wilie,Deane,wdeane4w@vkontakte.ru,Female,48.139.185.115
178,Kennie,Beever,kbeever4x@wiley.com,Male,241.92.101.164
179,Staford,Ikringill,sikringill4y@yandex.ru,Male,206.171.7.254
180,Tobit,Dehn,tdehn4z@csmonitor.com,Male,187.96.175.2
181,Blithe,Pepler,bpepler50@theatlantic.com,Female,159.160.14.140
182,Ariadne,Holdey,aholdey51@dmoz.org,Female,225.130.168.51
183,Josephine,Farnall,jfarnall52@delicious.com,Female,148.32.88.37
184,Bernardine,Stutard,bstutard53@zdnet.com,Female,94.34.25.175
185,Lorrin,Siviter,lsiviter54@reverbnation.com,Female,120.142.195.225
186,Barde,Abrahamsohn,babrahamsohn55@howstuffworks.com,Male,248.188.42.105
187,Corbet,Dewick,cdewick56@ted.com,Male,9.45.135.49
188,Simeon,Kynge,skynge57@cloudflare.com,Male,202.72.229.116
189,Alon,Corneljes,acorneljes58@nationalgeographic.com,Male,164.77.186.119
190,Neill,Yakolev,nyakolev59@godaddy.com,Male,54.126.60.14
191,Ernie,Shanks,eshanks5a@github.com,Male,148.99.21.75
192,Flynn,Leghorn,fleghorn5b@samsung.com,Male,224.89.39.60
193,Garrik,Skillanders,gskillanders5c@is.gd,Male,5.17.97.173
194,Barty,Asty,basty5d@nytimes.com,Male,208.233.234.76
195,Ugo,Shemelt,ushemelt5e@cloudflare.com,Male,95.40.95.124
196,Dame,Aingell,daingell5f@desdev.cn,Male,48.141.148.4
197,Maryanne,Mance,mmance5g@sfgate.com,Female,193.246.52.252
198,Noellyn,Desforges,ndesforges5h@acquirethisname.com,Female,210.233.1.179
199,Markus,Helliker,mhelliker5i@washingtonpost.com,Male,141.13.123.19
200,Vachel,Exley,vexley5j@wp.com,Male,170.246.185.93
201,Granger,Sharma,gsharma5k@marriott.com,Male,79.26.33.61
202,Sallee,McAneny,smcaneny5l@unblog.fr,Female,178.201.243.167
203,Mattheus,Mates,mmates5m@merriam-webster.com,Male,223.46.38.219
204,Myron,Tadd,mtadd5n@devhub.com,Male,107.154.12.107
205,Lorenzo,Davis,ldavis5o@miitbeian.gov.cn,Male,137.212.208.63
206,Theadora,Bocke,tbocke5p@discuz.net,Female,137.49.63.177
207,Sarita,Gibbe,sgibbe5q@sciencedirect.com,Female,66.98.126.83
208,Eugen,Midson,emidson5r@biblegateway.com,Male,62.133.22.93
209,Dawn,Glackin,dglackin5s@usatoday.com,Female,35.225.108.252
210,Virgie,Fatscher,vfatscher5t@gov.uk,Male,118.85.150.22
211,Lawry,Tames,ltames5u@ebay.com,Male,85.140.145.248
212,Barry,Dunston,bdunston5v@si.edu,Female,57.36.250.49
213,Karena,Eaves,keaves5w@ask.com,Female,91.31.113.2
214,Maurizio,Drennan,mdrennan5x@wufoo.com,Male,168.123.219.45
215,Sande,Woolham,swoolham5y@craigslist.org,Female,135.206.33.188
216,Theressa,Guinness,tguinness5z@com.com,Female,231.180.13.3
217,Darnell,Alred,dalred60@simplemachines.org,Male,103.97.178.208
218,Aimil,Dixie,adixie61@cdc.gov,Female,167.7.244.161
219,Leigh,Crump,lcrump62@tuttocitta.it,Female,116.158.232.122
220,Fawnia,Lomasny,flomasny63@cnbc.com,Female,106.4.213.48
221,Richard,Camies,rcamies64@lulu.com,Male,35.245.216.250
222,Alane,Blinckhorne,ablinckhorne65@admin.ch,Female,150.248.21.203
223,Clarine,Jodkowski,cjodkowski66@dell.com,Female,10.89.131.9
224,Wilhelmine,Colbeck,wcolbeck67@skyrock.com,Female,236.59.89.115
225,Milka,Bilham,mbilham68@twitter.com,Female,8.109.176.26
226,Rocky,Tollmache,rtollmache69@icio.us,Male,96.152.161.188
227,Coleen,Eastbrook,ceastbrook6a@netlog.com,Female,65.250.188.118
228,Anna,Pepi,apepi6b@census.gov,Female,44.201.204.212
229,Rozanne,Oakenfall,roakenfall6c@studiopress.com,Female,203.76.23.99
230,Neill,Jorger,njorger6d@pbs.org,Male,173.133.65.170
231,Ilyssa,Szymonowicz,iszymonowicz6e@so-net.ne.jp,Female,254.148.212.170
232,Angel,Levy,alevy6f@gizmodo.com,Female,42.171.175.87
233,Arlee,Simoneschi,asimoneschi6g@biblegateway.com,Female,193.168.177.117
234,Joellen,Chadbourne,jchadbourne6h@nymag.com,Female,10.17.7.23
235,Issiah,Kubatsch,ikubatsch6i@hibu.com,Male,216.107.246.106
236,Arluene,Strevens,astrevens6j@time.com,Female,42.241.207.70
237,Bibi,Smalley,bsmalley6k@newsvine.com,Female,79.83.72.17
238,Itch,Bethune,ibethune6l@shareasale.com,Male,223.72.123.248
239,Maxim,Chritchley,mchritchley6m@canalblog.com,Male,147.189.90.4
240,Gisella,Dunhill,gdunhill6n@japanpost.jp,Female,58.73.36.46
241,Curran,Kennefick,ckennefick6o@upenn.edu,Male,132.7.149.38
242,Freddy,Chilcott,fchilcott6p@a8.net,Male,166.143.44.94
243,Kristi,Slingsby,kslingsby6q@163.com,Female,192.243.246.231
244,Karel,Kauffman,kkauffman6r@cmu.edu,Male,250.23.191.154
245,Alvis,Greenside,agreenside6s@t.co,Male,19.249.46.77
246,Gilles,Vaughn,gvaughn6t@princeton.edu,Male,230.61.68.145
247,Dud,Leverich,dleverich6u@nps.gov,Male,56.35.194.204
248,Darius,Shyram,dshyram6v@sourceforge.net,Male,147.100.65.139
249,Mario,Doughtery,mdoughtery6w@sphinn.com,Male,199.60.118.214
250,Kristopher,Haddow,khaddow6x@booking.com,Male,143.176.244.197
251,Jobye,Croot,jcroot6y@icq.com,Female,146.18.246.66
252,Muire,Palk,mpalk6z@princeton.edu,Female,53.151.88.54
253,Hillery,Jeavons,hjeavons70@tiny.cc,Male,96.153.192.171
254,Pandora,Maysor,pmaysor71@bandcamp.com,Female,116.203.17.116
255,Fey,Rollo,frollo72@slate.com,Female,29.207.211.178
256,Nalani,Verecker,nverecker73@quantcast.com,Female,152.225.204.52
257,Inez,Spurrier,ispurrier74@buzzfeed.com,Female,137.165.204.154
258,Dina,Birley,dbirley75@list-manage.com,Female,125.123.10.165
259,Talbert,Anthoin,tanthoin76@shutterfly.com,Male,42.196.82.234
260,Sheffy,Hort,short77@sbwire.com,Male,3.60.72.135
261,Lancelot,Digweed,ldigweed78@yellowbook.com,Male,210.18.187.3
262,Kare,Lefeaver,klefeaver79@webeden.co.uk,Female,209.97.196.117
263,Kylynn,Tillot,ktillot7a@feedburner.com,Female,111.122.239.138
264,Mark,Devennie,mdevennie7b@sun.com,Male,131.123.8.176
265,Andy,Iannetti,aiannetti7c@bbb.org,Male,35.43.51.203
266,Natka,Cowle,ncowle7d@phpbb.com,Female,47.70.52.170
267,Sibylle,Torricella,storricella7e@oakley.com,Female,3.111.97.38
268,Yasmeen,Diggens,ydiggens7f@studiopress.com,Female,193.109.78.79
269,Arliene,Manilove,amanilove7g@pagesperso-orange.fr,Female,127.210.119.187
270,Conan,Stones,cstones7h@icio.us,Male,107.242.87.72
271,Raynard,Bloy,rbloy7i@ed.gov,Male,225.150.228.107
272,Adoree,Froschauer,afroschauer7j@toplist.cz,Female,178.210.41.104
273,Jordanna,Rosewell,jrosewell7k@arstechnica.com,Female,222.68.166.113
274,Garrot,Turneaux,gturneaux7l@disqus.com,Male,172.134.129.47
275,Star,Oggers,soggers7m@smh.com.au,Female,61.224.166.177
276,Washington,Gruby,wgruby7n@goodreads.com,Male,227.163.16.20
277,Lem,Finby,lfinby7o@dmoz.org,Male,142.59.196.105
278,Jone,Wheeldon,jwheeldon7p@nasa.gov,Male,129.182.211.193
279,Maximilianus,Clancy,mclancy7q@dot.gov,Male,56.72.120.69
280,Perri,Di Ruggero,pdiruggero7r@people.com.cn,Female,185.128.193.79
281,Susie,Lawlor,slawlor7s@51.la,Female,90.54.138.250
282,Kakalina,McElane,kmcelane7t@elegantthemes.com,Female,209.121.237.138
283,Kalindi,Aleksankov,kaleksankov7u@sun.com,Female,58.36.65.202
284,Minna,Corrado,mcorrado7v@foxnews.com,Female,209.222.233.204
285,Salome,Alexandersen,salexandersen7w@macromedia.com,Female,180.30.115.2
286,Jehu,Thomsson,jthomsson7x@purevolume.com,Male,128.87.194.243
287,Linnet,Blatcher,lblatcher7y@weibo.com,Female,71.219.2.36
288,Rickert,Canavan,rcanavan7z@pen.io,Male,144.185.183.245
289,Thibaut,Micklewright,tmicklewright80@dedecms.com,Male,226.161.61.86
290,Yard,Eric,yeric81@adobe.com,Male,119.145.134.17
291,Lillis,Fortesquieu,lfortesquieu82@indiatimes.com,Female,30.101.223.162
292,Revkah,Klaus,rklaus83@delicious.com,Female,159.86.38.3
293,Eldon,Ashness,eashness84@google.co.jp,Male,193.184.28.106
294,Tessie,Ewan,tewan85@1688.com,Female,27.121.126.245
295,Nora,Purry,npurry86@mtv.com,Female,3.130.144.248
296,Ellswerth,Dimitrov,edimitrov87@blogs.com,Male,15.80.9.7
297,Harmonia,Dick,hdick88@disqus.com,Female,179.41.47.240
298,Ber,Menhenitt,bmenhenitt89@posterous.com,Male,80.215.127.216
299,Constanta,Jinkin,cjinkin8a@1und1.de,Female,39.247.118.10
300,Kimmy,Thome,kthome8b@etsy.com,Female,250.215.179.36
301,Sib,Brobak,sbrobak8c@marketwatch.com,Female,38.24.82.163
302,Jacintha,Santori,jsantori8d@typepad.com,Female,177.69.6.153
303,Izaak,Skurm,iskurm8e@imdb.com,Male,73.208.11.134
304,La verne,Derle,lderle8f@nba.com,Female,21.136.90.62
305,Noel,Gladding,ngladding8g@cbslocal.com,Male,153.114.217.85
306,Tobe,Nail,tnail8h@cyberchimps.com,Female,143.68.183.26
307,Lyon,Selwyne,lselwyne8i@buzzfeed.com,Male,222.16.91.91
308,Stefa,Bilovus,sbilovus8j@goo.ne.jp,Female,40.224.130.128
309,Elia,Trenbey,etrenbey8k@nature.com,Male,78.105.19.61
310,Erick,Clouter,eclouter8l@vkontakte.ru,Male,15.183.219.153
311,Millard,Lentsch,mlentsch8m@parallels.com,Male,190.26.160.149
312,Tore,Pesterfield,tpesterfield8n@globo.com,Male,102.10.12.60
313,Marquita,Corah,mcorah8o@reverbnation.com,Female,226.125.215.48
314,Catlee,Looby,clooby8p@google.ca,Female,39.79.208.232
315,Westley,Habbes,whabbes8q@army.mil,Male,71.10.84.154
316,Ashil,Denecamp,adenecamp8r@ucoz.com,Female,111.61.112.223
317,Port,Whitta,pwhitta8s@over-blog.com,Male,45.8.109.110
318,Lyndy,Kynder,lkynder8t@etsy.com,Female,170.227.108.112
319,Kira,Bettinson,kbettinson8u@plala.or.jp,Female,74.40.236.238
320,Ashia,Odgaard,aodgaard8v@businesswire.com,Female,230.146.73.120
321,Hilario,Pottie,hpottie8w@reference.com,Male,187.217.145.248
322,Walsh,Reynard,wreynard8x@zdnet.com,Male,97.122.49.129
323,Phillis,Braxay,pbraxay8y@4shared.com,Female,140.214.156.23
324,Dayle,Puddefoot,dpuddefoot8z@webnode.com,Female,165.15.107.132
325,Max,Baudino,mbaudino90@godaddy.com,Male,251.133.213.53
326,Kristofer,Bernardelli,kbernardelli91@bandcamp.com,Male,8.167.234.145
327,Rafi,Selwyn,rselwyn92@economist.com,Male,118.191.71.73
328,Fancie,Castagne,fcastagne93@angelfire.com,Female,105.127.130.252
329,Bard,Maddison,bmaddison94@google.com,Male,3.121.249.142
330,Misty,Gaukroger,mgaukroger95@reverbnation.com,Female,128.134.102.244
331,Morgen,Basindale,mbasindale96@uol.com.br,Male,194.179.132.15
332,Raul,Lanning,rlanning97@independent.co.uk,Male,245.45.16.251
333,Corena,Flatte,cflatte98@cornell.edu,Female,99.161.74.46
334,Stavro,Pendrid,spendrid99@smh.com.au,Male,124.55.139.137
335,Worthy,Packham,wpackham9a@ifeng.com,Male,55.168.45.81
336,Jaquenetta,Cobbledick,jcobbledick9b@bbb.org,Female,91.80.96.160
337,Brier,Merigon,bmerigon9c@technorati.com,Female,5.64.174.56
338,Ellerey,Pierce,epierce9d@woothemes.com,Male,17.139.102.248
339,Marion,O'Scollain,moscollain9e@umich.edu,Male,158.197.54.32
340,Jami,Utton,jutton9f@spiegel.de,Female,186.187.58.73
341,Clarissa,Fautly,cfautly9g@ehow.com,Female,116.9.240.94
342,Melisent,Bullon,mbullon9h@uiuc.edu,Female,138.174.110.141
343,Hodge,Summerskill,hsummerskill9i@patch.com,Male,170.69.208.238
344,Katrine,Spire,kspire9j@tamu.edu,Female,184.82.135.220
345,Hillel,Anders,handers9k@illinois.edu,Male,108.211.200.51
346,Beau,Brazur,bbrazur9l@icq.com,Male,191.74.198.207
347,Jodie,Letch,jletch9m@soundcloud.com,Female,228.151.169.17
348,Renado,Brough,rbrough9n@java.com,Male,195.21.151.138
349,Crissie,Learmonth,clearmonth9o@google.ca,Female,201.174.232.233
350,Jennie,Ottewill,jottewill9p@fema.gov,Female,141.152.117.202
351,Anna-diana,Hartnell,ahartnell9q@omniture.com,Female,2.66.170.216
352,Friederike,Dunkerton,fdunkerton9r@psu.edu,Female,182.91.49.78
353,Kiersten,Stollery,kstollery9s@comsenz.com,Female,58.183.18.70
354,Lyn,Elbourne,lelbourne9t@gravatar.com,Male,114.163.59.207
355,Theresa,Gummow,tgummow9u@tamu.edu,Female,255.7.34.117
356,Roley,Squire,rsquire9v@hostgator.com,Male,12.4.156.49
357,Waiter,Pengelly,wpengelly9w@naver.com,Male,231.239.82.72
358,Calley,Gallard,cgallard9x@bbb.org,Female,12.125.74.84
359,Xylia,Strickler,xstrickler9y@dedecms.com,Female,221.52.153.128
360,Martie,Yukhtin,myukhtin9z@ning.com,Female,243.216.152.108
361,Carly,Ruddom,cruddoma0@columbia.edu,Female,75.159.240.190
362,Melanie,McAughtrie,mmcaughtriea1@facebook.com,Female,127.8.12.208
363,Corbin,Lockless,clocklessa2@google.pl,Male,124.247.165.37
364,Georas,Shirlaw,gshirlawa3@answers.com,Male,0.255.237.224
365,Alyse,Hardinge,ahardingea4@istockphoto.com,Female,170.248.78.125
366,Matty,Adamiec,madamieca5@edublogs.org,Male,101.61.56.167
367,Wayne,Tregaskis,wtregaskisa6@tinyurl.com,Male,68.12.44.16
368,Annadiane,Culwen,aculwena7@oakley.com,Female,46.185.128.57
369,Ewen,McNeilly,emcneillya8@flavors.me,Male,57.200.119.115
370,La verne,Palluschek,lpalluscheka9@gnu.org,Female,175.35.201.88
371,Ruttger,Bawcock,rbawcockaa@edublogs.org,Male,155.106.5.132
372,Syman,Georgeson,sgeorgesonab@businesswire.com,Male,49.187.32.73
373,Mycah,Bilbee,mbilbeeac@comsenz.com,Male,217.38.117.68
374,Bernetta,Gurg,bgurgad@cyberchimps.com,Female,210.171.46.113
375,Jonah,Odams,jodamsae@discuz.net,Male,224.51.51.145
376,Matthiew,Rickasse,mrickasseaf@issuu.com,Male,65.192.154.240
377,Husein,O'Hare,hohareag@cyberchimps.com,Male,59.139.247.217
378,Deborah,Bewly,dbewlyah@biblegateway.com,Female,105.250.117.203
379,Maxy,Kosel,mkoselai@state.tx.us,Female,37.236.162.37
380,Hammad,Creamen,hcreamenaj@clickbank.net,Male,159.21.148.99
381,Waylin,Offener,woffenerak@prnewswire.com,Male,67.43.174.34
382,Tommie,Bezant,tbezantal@princeton.edu,Female,114.225.147.192
383,Hobart,Barnbrook,hbarnbrookam@usnews.com,Male,176.119.160.130
384,Ruttger,Rowlands,rrowlandsan@huffingtonpost.com,Male,73.236.92.80
385,Deanne,Sirrell,dsirrellao@uiuc.edu,Female,39.201.115.192
386,Grantham,Briston,gbristonap@sakura.ne.jp,Male,19.231.174.228
387,Debbie,Spendley,dspendleyaq@sphinn.com,Female,234.19.124.199
388,Britte,Penna,bpennaar@e-recht24.de,Female,70.12.250.105
389,Woodrow,Tillman,wtillmanas@spotify.com,Male,11.209.24.183
390,Liz,Luke,llukeat@samsung.com,Female,127.47.231.74
391,Niles,O'Brian,nobrianau@csmonitor.com,Male,174.86.216.119
392,Bonny,Fairey,bfaireyav@youku.com,Female,222.133.162.252
393,Rodie,Bagehot,rbagehotaw@cpanel.net,Female,223.127.103.164
394,Harcourt,Headan,hheadanax@tamu.edu,Male,134.26.84.38
395,Jacky,Nystrom,jnystromay@nature.com,Male,74.158.189.224
396,Mikael,Halhead,mhalheadaz@nymag.com,Male,81.240.130.57
397,Florian,Thorius,fthoriusb0@fotki.com,Male,121.210.57.144
398,Cchaddie,Lincey,clinceyb1@ft.com,Male,37.120.201.214
399,Calypso,Vallerine,cvallerineb2@printfriendly.com,Female,160.242.245.27
400,Sorcha,Balsdone,sbalsdoneb3@unblog.fr,Female,90.192.131.3
401,Humbert,Zavattieri,hzavattierib4@walmart.com,Male,135.201.104.23
402,Lissie,Debell,ldebellb5@dion.ne.jp,Female,129.214.37.252
403,Barbie,Mawne,bmawneb6@independent.co.uk,Female,254.29.66.114
404,Griffie,Shearsby,gshearsbyb7@fc2.com,Male,140.59.33.124
405,Edi,Humbles,ehumblesb8@unblog.fr,Female,227.107.44.57
406,Berthe,Birks,bbirksb9@netvibes.com,Female,242.45.208.78
407,Farand,Grzelczyk,fgrzelczykba@mac.com,Female,158.74.17.51
408,Willabella,Laxston,wlaxstonbb@spiegel.de,Female,137.18.74.95
409,Mata,Burles,mburlesbc@sogou.com,Male,74.25.175.157
410,Alistair,Toffano,atoffanobd@sfgate.com,Male,163.75.249.218
411,Miguela,MacDearmid,mmacdearmidbe@hc360.com,Female,183.179.210.197
412,Lorene,Errichelli,lerrichellibf@phoca.cz,Female,166.205.8.244
413,Maximilianus,Bergstram,mbergstrambg@sohu.com,Male,121.240.86.210
414,Esmeralda,Loughton,eloughtonbh@arstechnica.com,Female,81.192.63.135
415,Nicoline,Leverson,nleversonbi@google.cn,Female,62.23.232.157
416,Augusto,Pettitt,apettittbj@spotify.com,Male,156.49.242.225
417,Newton,Dunsleve,ndunslevebk@comsenz.com,Male,202.108.33.222
418,Sharity,Zecchetti,szecchettibl@google.ca,Female,227.136.24.253
419,Kalinda,Vinnick,kvinnickbm@zdnet.com,Female,76.100.92.209
420,Talyah,Ridgley,tridgleybn@telegraph.co.uk,Female,218.106.137.27
421,Dulcea,Sheraton,dsheratonbo@shinystat.com,Female,148.161.110.223
422,Arlie,MacAless,amacalessbp@ehow.com,Female,41.103.208.152
423,Kelsey,Ghelarducci,kghelarduccibq@adobe.com,Female,238.195.144.105
424,Manya,Rossetti,mrossettibr@skype.com,Female,39.124.110.226
425,Gill,Widdall,gwiddallbs@imgur.com,Female,63.47.18.177
426,Kippie,Tingcomb,ktingcombbt@adobe.com,Male,88.117.255.61
427,Henri,Haresnape,hharesnapebu@123-reg.co.uk,Male,29.141.247.108
428,Eziechiele,Normadell,enormadellbv@reuters.com,Male,80.163.139.36
429,Glenine,Skeggs,gskeggsbw@who.int,Female,224.155.180.101
430,Silvanus,Cherm,schermbx@sciencedaily.com,Male,142.178.163.117
431,Aigneis,Benaine,abenaineby@amazon.com,Female,120.251.147.120
432,Titos,Newcombe,tnewcombebz@youtu.be,Male,253.208.27.66
433,Joannes,Horrod,jhorrodc0@netvibes.com,Female,155.177.2.161
434,Sue,Swalwel,sswalwelc1@cornell.edu,Female,96.163.49.68
435,Barth,Gason,bgasonc2@amazon.co.jp,Male,85.113.253.2
436,Sharyl,Bugler,sbuglerc3@go.com,Female,253.199.245.231
437,Rory,Garrad,rgarradc4@buzzfeed.com,Male,111.16.59.220
438,Charley,Huke,chukec5@google.pl,Male,69.57.225.243
439,Ginevra,Bartlett,gbartlettc6@ted.com,Female,36.191.158.169
440,Davine,Keningham,dkeninghamc7@msn.com,Female,120.79.201.11
441,Hestia,Gajewski,hgajewskic8@europa.eu,Female,58.141.233.168
442,Melody,Angus,mangusc9@diigo.com,Female,147.108.74.229
443,Culley,Borthram,cborthramca@imgur.com,Male,132.142.136.128
444,Forster,Kohnert,fkohnertcb@amazon.de,Male,213.151.72.3
445,Elisabeth,Matthensen,ematthensencc@zdnet.com,Female,100.150.238.243
446,Dunn,Brunker,dbrunkercd@about.me,Male,112.175.137.128
447,Maryrose,Kneale,mknealece@mashable.com,Female,24.63.189.135
448,Rosemarie,Chafney,rchafneycf@google.co.jp,Female,200.215.255.134
449,Neile,Foster,nfostercg@xing.com,Female,108.96.168.177
450,Hugh,Marritt,hmarrittch@a8.net,Male,220.153.55.75
451,Boone,Longhorne,blonghorneci@infoseek.co.jp,Male,50.203.219.45
452,Jennine,Pohling,jpohlingcj@dedecms.com,Female,85.224.65.254
453,Ketti,Painswick,kpainswickck@cnn.com,Female,241.164.250.219
454,Aimee,Souten,asoutencl@i2i.jp,Female,20.34.72.64
455,Peder,Shenton,pshentoncm@yellowpages.com,Male,230.148.188.228
456,Sibyl,Trewett,strewettcn@bing.com,Male,96.221.231.2
457,Alley,Cottie,acottieco@cdbaby.com,Male,114.105.227.163
458,Carma,Howling,chowlingcp@shareasale.com,Female,213.181.248.220
459,Ernestus,Feldberger,efeldbergercq@tuttocitta.it,Male,79.40.232.186
460,Agretha,Standley,astandleycr@mit.edu,Female,76.232.35.59
461,Gill,Harriman,gharrimancs@arstechnica.com,Female,85.84.73.204
462,Dory,Garrud,dgarrudct@about.com,Female,234.240.52.254
463,Brennan,Laudham,blaudhamcu@yale.edu,Male,233.124.156.42
464,Barbie,Leimster,bleimstercv@pcworld.com,Female,138.238.216.108
465,Gracie,Wickey,gwickeycw@dailymail.co.uk,Female,207.150.219.233
466,Midge,Scrammage,mscrammagecx@yahoo.co.jp,Female,211.218.44.81
467,Cate,Elms,celmscy@cmu.edu,Female,164.17.242.204
468,Aile,Kershaw,akershawcz@oracle.com,Female,92.129.174.46
469,Trumaine,Sinott,tsinottd0@indiegogo.com,Male,214.32.119.159
470,Earvin,Dumbar,edumbard1@ucoz.ru,Male,70.35.205.146
471,Elroy,Manneville,emannevilled2@studiopress.com,Male,164.52.71.71
472,Christoforo,Isacoff,cisacoffd3@de.vu,Male,187.233.213.203
473,Reta,Henlon,rhenlond4@yelp.com,Female,141.111.159.111
474,Hally,Peres,hperesd5@cpanel.net,Female,4.178.165.61
475,Elston,Kilner,ekilnerd6@paypal.com,Male,183.94.110.19
476,Giralda,Bamber,gbamberd7@weather.com,Female,6.25.169.224
477,Selig,Shackleton,sshackletond8@blogger.com,Male,36.70.12.199
478,Bartram,Lettice,bletticed9@instagram.com,Male,0.237.37.93
479,Hubey,Filinkov,hfilinkovda@google.com.br,Male,238.50.119.154
480,Hi,Relfe,hrelfedb@live.com,Male,13.79.253.85
481,Kristi,Duffie,kduffiedc@theatlantic.com,Female,226.90.201.132
482,Corty,Sive,csivedd@nih.gov,Male,39.43.237.252
483,Stan,Ivachyov,sivachyovde@craigslist.org,Male,108.49.213.31
484,Pauletta,Balsom,pbalsomdf@amazon.de,Female,213.25.254.201
485,Henderson,Thowless,hthowlessdg@timesonline.co.uk,Male,250.84.206.98
486,Sallee,Leynton,sleyntondh@google.com.br,Female,169.240.74.243
487,Sissie,Rubinowicz,srubinowiczdi@quantcast.com,Female,234.47.226.175
488,Chantal,Rawll,crawlldj@blogspot.com,Female,103.89.7.48
489,Madelon,Antoshin,mantoshindk@wsj.com,Female,47.194.171.210
490,Odey,Coughtrey,ocoughtreydl@ucoz.com,Male,35.32.89.42
491,Dulce,Cheak,dcheakdm@walmart.com,Female,204.114.31.111
492,Rosene,Fossick,rfossickdn@lycos.com,Female,171.85.217.173
493,Lindsay,Grishukov,lgrishukovdo@yandex.ru,Female,149.24.206.54
494,Mindy,Scantlebury,mscantleburydp@google.pl,Female,43.56.57.106
495,Marybelle,Plaxton,mplaxtondq@adobe.com,Female,71.201.200.221
496,Bella,Potzold,bpotzolddr@nba.com,Female,184.61.55.103
497,Nelson,Canlin,ncanlinds@nbcnews.com,Male,173.195.226.57
498,Sarah,Adamczyk,sadamczykdt@microsoft.com,Female,79.144.250.39
499,Rica,Tollit,rtollitdu@psu.edu,Female,187.145.142.29
500,Verge,Shillabeer,vshillabeerdv@reverbnation.com,Male,25.127.58.49
501,Moyna,Ziems,mziemsdw@joomla.org,Female,162.101.69.248
502,Vaclav,Preece,vpreecedx@unblog.fr,Male,49.43.23.103
503,Shaw,Avrahm,savrahmdy@google.co.jp,Male,6.76.59.184
504,Fabio,Standon,fstandondz@netvibes.com,Male,48.191.48.235
505,Thornie,Orteaux,torteauxe0@loc.gov,Male,109.0.126.131
506,Nettie,Salvidge,nsalvidgee1@squarespace.com,Female,1.164.238.62
507,Ardelia,Itzkovici,aitzkovicie2@github.io,Female,61.241.125.205
508,Maxi,Jeanequin,mjeanequine3@51.la,Female,253.96.148.10
509,Ara,Barnby,abarnbye4@addtoany.com,Male,255.229.165.226
510,Amory,Rollins,arollinse5@jiathis.com,Male,14.154.140.70
511,Minette,Cram,mcrame6@cafepress.com,Female,106.179.151.141
512,Welby,Ccomini,wccominie7@wikispaces.com,Male,116.85.108.91
513,Curcio,Sposito,cspositoe8@gizmodo.com,Male,27.192.2.126
514,Christos,Flacknoe,cflacknoee9@seesaa.net,Male,241.214.111.53
515,Delmar,Rookes,drookesea@rambler.ru,Male,114.251.139.127
516,Eustace,Ortet,eorteteb@storify.com,Male,222.32.199.226
517,Rosalinda,Grovier,rgrovierec@toplist.cz,Female,183.164.163.153
518,Sam,Gayne,sgayneed@ca.gov,Female,59.36.89.162
519,Corny,Hoston,chostonee@vinaora.com,Male,208.191.245.240
520,Trixi,Ibbeson,tibbesonef@cnbc.com,Female,55.205.215.89
521,Baron,Hamlett,bhamletteg@hubpages.com,Male,95.55.171.10
522,Cyndie,Martensen,cmartenseneh@nba.com,Female,79.110.120.234
523,Gael,MacConnel,gmacconnelei@webs.com,Male,204.220.150.180
524,Tawsha,MacAirt,tmacairtej@oakley.com,Female,94.215.235.153
525,Sanders,Bradie,sbradieek@wisc.edu,Male,137.99.159.145
526,Vittoria,Flemyng,vflemyngel@guardian.co.uk,Female,110.141.106.108
527,Weider,Berlin,wberlinem@wordpress.com,Male,251.28.33.252
528,Fedora,Pagnin,fpagninen@yolasite.com,Female,43.59.157.223
529,Gerek,Snoddon,gsnoddoneo@techcrunch.com,Male,236.228.114.211
530,Sharline,Nudds,snuddsep@alexa.com,Female,20.100.204.207
531,Emmott,Igounet,eigouneteq@reuters.com,Male,219.137.219.15
532,Benjamen,Bellanger,bbellangerer@tripadvisor.com,Male,187.234.29.92
533,Gizela,Coade,gcoadees@skyrock.com,Female,101.220.123.222
534,Galven,Reihill,greihillet@mapquest.com,Male,32.102.241.235
535,Torey,Hollier,tholliereu@salon.com,Male,84.35.126.29
536,Melisenda,de Tocqueville,mdetocquevilleev@latimes.com,Female,185.114.220.72
537,My,Potts,mpottsew@dion.ne.jp,Male,56.116.195.185
538,Fawn,Squirrell,fsquirrellex@topsy.com,Female,127.101.8.71
539,Gabie,Gurg,ggurgey@infoseek.co.jp,Male,40.1.168.68
540,Olin,O'Criane,oocrianeez@delicious.com,Male,174.191.170.127
541,Ashlie,Ramirez,aramirezf0@wordpress.com,Female,85.188.152.24
542,Irena,Siddell,isiddellf1@theatlantic.com,Female,208.134.151.157
543,Ottilie,Gilder,ogilderf2@chron.com,Female,230.103.59.74
544,Nady,Bouts,nboutsf3@upenn.edu,Female,122.144.171.255
545,Ashlen,Hakeworth,ahakeworthf4@netvibes.com,Female,63.27.128.191
546,Rosanne,Albrook,ralbrookf5@so-net.ne.jp,Female,216.56.135.29
547,Vidovic,Wrennall,vwrennallf6@examiner.com,Male,179.232.89.235
548,Killian,Gockeler,kgockelerf7@dion.ne.jp,Male,195.181.45.249
549,Calypso,Poulgreen,cpoulgreenf8@ameblo.jp,Female,238.8.186.194
550,De,Giannotti,dgiannottif9@sogou.com,Female,238.98.1.127
551,Bartholomeus,McDonnell,bmcdonnellfa@slideshare.net,Male,86.158.76.35
552,Judah,Fassan,jfassanfb@intel.com,Male,57.189.213.10
553,Addia,Metherell,ametherellfc@disqus.com,Female,194.137.210.175
554,Dody,Lukasen,dlukasenfd@simplemachines.org,Female,112.74.126.241
555,Cissiee,Dudbridge,cdudbridgefe@springer.com,Female,208.130.90.6
556,Isabelle,Eisikovitsh,ieisikovitshff@cnn.com,Female,96.101.82.63
557,Hashim,Golly,hgollyfg@tripod.com,Male,17.32.183.77
558,Janetta,Rawlison,jrawlisonfh@ovh.net,Female,90.207.174.239
559,Evered,Threadgold,ethreadgoldfi@senate.gov,Male,206.38.254.229
560,Donovan,Haggerty,dhaggertyfj@tumblr.com,Male,26.22.104.135
561,Alisha,Laxe,alaxefk@whitehouse.gov,Female,29.142.81.171
562,Pat,Ruane,pruanefl@narod.ru,Female,197.18.185.91
563,Kelby,Merdew,kmerdewfm@pagesperso-orange.fr,Male,33.233.36.222
564,Anabal,Force,aforcefn@blinklist.com,Female,135.20.94.23
565,Gilberto,Yakushkev,gyakushkevfo@nydailynews.com,Male,56.253.110.171
566,Allegra,Geare,agearefp@cdbaby.com,Female,51.105.214.21
567,Helge,Tibald,htibaldfq@hp.com,Female,49.139.207.136
568,Ciro,Powlesland,cpowleslandfr@surveymonkey.com,Male,4.230.208.165
569,Abbot,Hesey,aheseyfs@issuu.com,Male,41.129.223.42
570,Roxi,Torbeck,rtorbeckft@seesaa.net,Female,17.164.254.1
571,Daryn,Rudeyeard,drudeyeardfu@si.edu,Female,62.190.82.54
572,Jesus,Dumingo,jdumingofv@webnode.com,Male,118.8.239.102
573,Arturo,Boissieux,aboissieuxfw@shutterfly.com,Male,240.126.75.116
574,Chadwick,Pearson,cpearsonfx@mail.ru,Male,191.240.248.46
575,Sigmund,Palomba,spalombafy@sciencedaily.com,Male,57.20.215.240
576,Martyn,Baldrick,mbaldrickfz@walmart.com,Male,121.171.36.150
577,Giorgio,Counsell,gcounsellg0@opensource.org,Male,114.88.49.158
578,Bonnee,Weond,bweondg1@elegantthemes.com,Female,122.127.25.56
579,Frederica,Gelland,fgellandg2@aboutads.info,Female,17.146.47.1
580,Sheri,Kinkade,skinkadeg3@sbwire.com,Female,141.1.142.36
581,Mead,Ledrun,mledrung4@economist.com,Female,94.87.245.186
582,Rudolf,MacNab,rmacnabg5@jimdo.com,Male,211.70.190.239
583,Giorgia,Kingsnode,gkingsnodeg6@163.com,Female,79.49.30.77
584,Elysee,Raimbauld,eraimbauldg7@dailymotion.com,Female,23.255.201.150
585,Rozina,Pegram,rpegramg8@ca.gov,Female,43.73.67.32
586,Arabella,McKinney,amckinneyg9@ft.com,Female,138.211.234.142
587,Jocelyn,Saich,jsaichga@shutterfly.com,Female,58.35.186.148
588,Denys,Gowman,dgowmangb@umn.edu,Male,211.16.38.34
589,Vivian,Andreoletti,vandreolettigc@miibeian.gov.cn,Female,83.246.250.143
590,Bailie,Kubyszek,bkubyszekgd@admin.ch,Male,239.31.127.243
591,Elena,Stenton,estentonge@seesaa.net,Female,251.13.48.94
592,Jody,Finch,jfinchgf@ning.com,Female,169.114.8.130
593,Abagail,Crotty,acrottygg@ucoz.com,Female,101.65.156.100
594,Stacy,Shellard,sshellardgh@dailymotion.com,Male,134.114.35.42
595,Bernadene,Lasslett,blasslettgi@house.gov,Female,148.93.4.222
596,Correy,Charer,ccharergj@bbc.co.uk,Female,6.153.85.252
597,Nadeen,Coupland,ncouplandgk@cbc.ca,Female,154.173.127.181
598,Raynell,Tynan,rtynangl@meetup.com,Female,53.60.174.242
599,Cassandre,O'Cannovane,cocannovanegm@spotify.com,Female,92.64.177.62
600,Peg,Reihm,preihmgn@gnu.org,Female,200.204.218.119
601,Trevar,Quarless,tquarlessgo@etsy.com,Male,251.134.62.74
602,Perren,Curteis,pcurteisgp@amazon.co.jp,Male,169.38.29.164
603,Florella,Stebbings,fstebbingsgq@odnoklassniki.ru,Female,26.188.214.218
604,Fianna,Postians,fpostiansgr@theguardian.com,Female,77.149.170.48
605,Rafaellle,MacKessock,rmackessockgs@yahoo.com,Male,93.165.84.75
606,Haslett,Dimeloe,hdimeloegt@ustream.tv,Male,230.101.93.90
607,Korie,Lowry,klowrygu@exblog.jp,Female,156.62.41.240
608,Hali,Kahane,hkahanegv@geocities.jp,Female,84.140.214.100
609,Amandie,Gores,agoresgw@dropbox.com,Female,165.43.133.226
610,Mort,Ivimy,mivimygx@slideshare.net,Male,247.40.10.136
611,Joellyn,Windebank,jwindebankgy@de.vu,Female,65.243.36.86
612,Chaddie,Tilson,ctilsongz@newyorker.com,Male,252.201.60.12
613,Friedrick,Delaprelle,fdelaprelleh0@drupal.org,Male,44.132.191.65
614,Francoise,Tiffney,ftiffneyh1@is.gd,Female,17.228.133.17
615,Vale,Byway,vbywayh2@parallels.com,Male,88.208.4.10
616,Borden,MacAlees,bmacaleesh3@sogou.com,Male,127.37.182.116
617,Madelena,Sainer,msainerh4@newyorker.com,Female,152.16.78.152
618,Ervin,Gentric,egentrich5@pinterest.com,Male,2.194.0.75
619,Claudius,Argrave,cargraveh6@amazon.com,Male,195.167.186.47
620,Denice,Bethel,dbethelh7@bloglines.com,Female,61.23.31.95
621,Caitrin,Paten,cpatenh8@google.ru,Female,57.101.168.100
622,Cathe,Martinec,cmartinech9@deviantart.com,Female,141.235.43.170
623,Sashenka,Dobrowolny,sdobrowolnyha@spiegel.de,Female,247.145.83.220
624,Buffy,Kitchaside,bkitchasidehb@weebly.com,Female,124.115.134.222
625,Carlos,Neward,cnewardhc@posterous.com,Male,251.29.211.46
626,Auria,Casellas,acasellashd@hibu.com,Female,61.33.124.229
627,Jarret,Baddoe,jbaddoehe@a8.net,Male,240.114.11.105
628,Towny,Josiah,tjosiahhf@pagesperso-orange.fr,Male,71.24.128.100
629,Miguela,Paradis,mparadishg@hugedomains.com,Female,155.98.77.150
630,Anthia,Fittes,afitteshh@over-blog.com,Female,225.4.144.174
631,Denny,Duchan,dduchanhi@accuweather.com,Male,120.139.7.42
632,Janith,Gori,jgorihj@samsung.com,Female,172.176.120.148
633,Olwen,Cosgrove,ocosgrovehk@newyorker.com,Female,3.4.84.63
634,Agretha,Rosencrantz,arosencrantzhl@jugem.jp,Female,145.115.21.30
635,Giovanna,Grunson,ggrunsonhm@uol.com.br,Female,106.212.248.93
636,Marlene,Maddaford,mmaddafordhn@ustream.tv,Female,160.76.207.70
637,Garvy,Haile,ghaileho@pbs.org,Male,215.42.129.97
638,Barbi,Feehily,bfeehilyhp@acquirethisname.com,Female,30.76.202.219
639,Saxon,Rhoades,srhoadeshq@cmu.edu,Male,77.206.52.95
640,Cairistiona,Mickan,cmickanhr@java.com,Female,165.239.172.109
641,Stanford,Janton,sjantonhs@newsvine.com,Male,162.154.128.135
642,Jamal,Tante,jtanteht@wikia.com,Male,13.17.15.46
643,Keslie,Bessent,kbessenthu@dedecms.com,Female,243.121.238.176
644,Padget,Conkey,pconkeyhv@deliciousdays.com,Male,165.158.30.56
645,Georgina,Antill,gantillhw@hhs.gov,Female,248.61.156.221
646,Tobe,Sperski,tsperskihx@hhs.gov,Female,239.15.172.169
647,Dom,Benedito,dbeneditohy@gov.uk,Male,209.94.113.189
648,Corinne,Tort,ctorthz@prnewswire.com,Female,228.177.131.250
649,Priscella,Brendel,pbrendeli0@ucsd.edu,Female,246.219.165.164
650,Kyrstin,Murrhardt,kmurrhardti1@com.com,Female,239.178.230.81
651,Hannis,Klee,hkleei2@mediafire.com,Female,239.128.181.219
652,Reeta,Benediktsson,rbenediktssoni3@behance.net,Female,93.162.249.249
653,Riley,Cowser,rcowseri4@ifeng.com,Male,11.217.185.122
654,Nikolaos,Schulze,nschulzei5@merriam-webster.com,Male,206.118.180.122
655,Den,Knowller,dknowlleri6@xrea.com,Male,116.254.163.12
656,Reinaldo,Cranna,rcrannai7@hao123.com,Male,248.233.172.61
657,Agathe,Brunner,abrunneri8@histats.com,Female,199.83.221.107
658,Konstantine,Dugan,kdugani9@4shared.com,Male,70.130.44.20
659,Tam,McCloughlin,tmccloughlinia@slideshare.net,Male,15.42.192.230
660,Chrissy,Martinets,cmartinetsib@mac.com,Female,26.38.145.225
661,Everard,Dunlop,edunlopic@rakuten.co.jp,Male,245.114.4.117
662,Maure,Dumphries,mdumphriesid@drupal.org,Female,136.6.62.81
663,Luella,Tuison,ltuisonie@netvibes.com,Female,41.249.155.82
664,Heida,Starsmeare,hstarsmeareif@jalbum.net,Female,251.43.157.183
665,Vannie,Ludlem,vludlemig@narod.ru,Female,20.73.32.140
666,Gery,Kobierzycki,gkobierzyckiih@msn.com,Male,79.196.45.169
667,Chilton,Allmond,callmondii@elpais.com,Male,185.168.166.225
668,Bernardo,Armell,barmellij@omniture.com,Male,35.150.254.65
669,Nehemiah,Antoshin,nantoshinik@blogs.com,Male,217.21.107.7
670,Rogerio,Ledrun,rledrunil@nyu.edu,Male,230.176.243.72
671,Courtney,Gilson,cgilsonim@indiatimes.com,Female,179.68.92.216
672,Freeman,Waylen,fwaylenin@bloomberg.com,Male,158.249.37.172
673,Harlan,Sparry,hsparryio@sina.com.cn,Male,169.17.76.0
674,Robbert,Palmar,rpalmarip@nih.gov,Male,15.126.195.133
675,Cosimo,Iacovaccio,ciacovaccioiq@shareasale.com,Male,87.96.167.51
676,Darnell,Flicker,dflickerir@tumblr.com,Male,144.166.137.3
677,Berrie,Raynes,braynesis@sciencedaily.com,Female,70.163.250.47
678,Olivette,Winckworth,owinckworthit@dell.com,Female,106.73.25.170
679,Arlene,Lewsley,alewsleyiu@un.org,Female,14.124.127.139
680,Gael,Boutell,gboutelliv@stumbleupon.com,Female,45.4.231.72
681,Jessica,Ferrara,jferraraiw@nba.com,Female,199.58.233.165
682,Bethanne,Foskew,bfoskewix@cloudflare.com,Female,28.60.126.249
683,Fionna,Earwaker,fearwakeriy@webs.com,Female,154.252.79.203
684,Nolly,Gimbart,ngimbartiz@mapquest.com,Male,198.171.182.161
685,Cacilia,Clitherow,cclitherowj0@indiegogo.com,Female,223.152.67.152
686,Zelma,Weins,zweinsj1@toplist.cz,Female,75.165.139.25
687,Lorie,Allonby,lallonbyj2@icq.com,Female,236.41.250.228
688,Chery,Fever,cfeverj3@quantcast.com,Female,247.85.98.237
689,Haslett,Prudence,hprudencej4@epa.gov,Male,203.227.228.220
690,Dore,Bramham,dbramhamj5@ox.ac.uk,Female,77.25.45.59
691,Filmer,Iseton,fisetonj6@deliciousdays.com,Male,226.53.75.189
692,Shellie,Corcoran,scorcoranj7@mac.com,Female,228.234.103.16
693,Consalve,Dreinan,cdreinanj8@usnews.com,Male,184.198.25.41
694,Hildy,Swaine,hswainej9@biblegateway.com,Female,249.182.154.159
695,Dalton,Gringley,dgringleyja@joomla.org,Male,118.144.237.19
696,Benjamin,Dorgan,bdorganjb@cafepress.com,Male,16.246.194.145
697,Valentina,Edyson,vedysonjc@elegantthemes.com,Female,40.147.164.232
698,Keelia,Gecke,kgeckejd@stumbleupon.com,Female,160.238.134.72
699,Leontyne,Drummer,ldrummerje@nih.gov,Female,36.155.83.29
700,Berkley,Robardet,brobardetjf@biblegateway.com,Male,245.108.244.125
701,Pail,Vyse,pvysejg@bluehost.com,Male,127.218.199.22
702,Brunhilde,Hanhard,bhanhardjh@nature.com,Female,16.161.214.57
703,Thaine,Asipenko,tasipenkoji@sciencedaily.com,Male,25.165.110.96
704,Homerus,Timmis,htimmisjj@gov.uk,Male,56.239.129.157
705,Cassondra,Dumphrey,cdumphreyjk@toplist.cz,Female,91.111.147.104
706,Christal,Wattisham,cwattishamjl@facebook.com,Female,127.148.66.17
707,Burt,Poppleston,bpopplestonjm@tiny.cc,Male,159.195.41.104
708,Alma,Le Huquet,alehuquetjn@virginia.edu,Female,243.239.51.171
709,Roselin,Stoute,rstoutejo@utexas.edu,Female,233.17.102.180
710,Donetta,Bisatt,dbisattjp@dedecms.com,Female,87.242.56.231
711,Massimiliano,Dumbleton,mdumbletonjq@ovh.net,Male,164.144.39.170
712,Vally,Aslum,vaslumjr@craigslist.org,Female,64.2.29.49
713,Emelina,Odda,eoddajs@state.tx.us,Female,58.183.45.44
714,Terence,Wilks,twilksjt@sun.com,Male,1.64.120.129
715,Chariot,O'Connell,coconnellju@whitehouse.gov,Male,63.86.140.254
716,Evonne,Harrigan,eharriganjv@ocn.ne.jp,Female,79.72.76.118
717,Trent,Adne,tadnejw@un.org,Male,136.212.222.40
718,Carlee,Thomesson,cthomessonjx@histats.com,Female,225.230.168.166
719,Fredek,Meakin,fmeakinjy@newsvine.com,Male,186.220.64.173
720,Jim,Gyves,jgyvesjz@stanford.edu,Male,248.26.27.118
721,Guglielma,Causnett,gcausnettk0@loc.gov,Female,95.81.125.123
722,Nina,Gatrell,ngatrellk1@apache.org,Female,53.190.161.82
723,Karisa,Phelit,kphelitk2@thetimes.co.uk,Female,133.233.248.94
724,Trace,Stading,tstadingk3@tinypic.com,Male,37.109.212.4
725,Derril,Wanklyn,dwanklynk4@berkeley.edu,Male,22.212.239.197
726,Tedi,Ricoald,tricoaldk5@cloudflare.com,Female,149.41.62.188
727,Shani,Wellfare,swellfarek6@typepad.com,Female,78.32.37.69
728,Tallou,Janku,tjankuk7@webmd.com,Female,72.53.150.179
729,Eileen,Swedeland,eswedelandk8@bloglovin.com,Female,226.236.84.89
730,Minnnie,Bath,mbathk9@chronoengine.com,Female,243.217.168.65
731,Angeli,Highwood,ahighwoodka@miitbeian.gov.cn,Male,104.58.178.146
732,Charlie,Fullerlove,cfullerlovekb@bbc.co.uk,Male,124.205.68.111
733,Nataline,Geharke,ngeharkekc@amazonaws.com,Female,5.11.190.214
734,Gwendolen,Leynagh,gleynaghkd@google.ca,Female,52.120.211.47
735,Raquel,Saffe,rsaffeke@un.org,Female,61.10.86.22
736,Anet,Hartus,ahartuskf@is.gd,Female,116.117.92.140
737,Correna,Mutch,cmutchkg@businessweek.com,Female,19.243.139.247
738,Mitchel,McKiernan,mmckiernankh@imageshack.us,Male,215.79.247.83
739,Myrvyn,Ramsby,mramsbyki@tripadvisor.com,Male,98.52.233.130
740,Osborne,Scotson,oscotsonkj@behance.net,Male,29.40.176.170
741,Lorettalorna,Nial,lnialkk@google.com.hk,Female,90.95.235.143
742,Sasha,Schruur,sschruurkl@meetup.com,Male,48.170.129.217
743,Allianora,Durtnal,adurtnalkm@mapy.cz,Female,208.106.11.249
744,Irene,Sconce,isconcekn@ehow.com,Female,3.172.214.128
745,Orton,Stuck,ostuckko@sitemeter.com,Male,224.103.159.40
746,Lorene,Bythway,lbythwaykp@scientificamerican.com,Female,227.249.241.112
747,Flinn,Cazin,fcazinkq@joomla.org,Male,17.244.51.249
748,Merry,Constance,mconstancekr@cbsnews.com,Female,84.13.109.145
749,Iosep,Bree,ibreeks@yahoo.com,Male,34.48.140.62
750,Enriqueta,Traher,etraherkt@wikipedia.org,Female,248.181.216.20
751,Laurella,Kielt,lkieltku@wikia.com,Female,131.21.137.108
752,Duke,Rundall,drundallkv@simplemachines.org,Male,19.55.176.121
753,Salvatore,Eyden,seydenkw@geocities.com,Male,86.144.85.134
754,Guenna,Croser,gcroserkx@zimbio.com,Female,233.110.210.73
755,Sibilla,Coyle,scoyleky@wikia.com,Female,227.184.41.0
756,Calley,Rosenfelder,crosenfelderkz@usda.gov,Female,28.63.73.72
757,Humfrid,Jozaitis,hjozaitisl0@ihg.com,Male,54.132.248.61
758,Rhianon,Sorley,rsorleyl1@scribd.com,Female,167.5.100.5
759,Tallou,Luebbert,tluebbertl2@bbc.co.uk,Female,172.18.220.186
760,Anetta,Bayford,abayfordl3@scribd.com,Female,139.242.150.138
761,Clo,Castanos,ccastanosl4@alexa.com,Female,174.131.203.72
762,Maddy,Corp,mcorpl5@quantcast.com,Male,231.215.38.117
763,Corella,Tootal,ctootall6@deviantart.com,Female,202.64.161.137
764,Farand,Madgwich,fmadgwichl7@ft.com,Female,231.240.40.152
765,Sheilah,Oulet,souletl8@scribd.com,Female,28.57.221.29
766,Elinore,Giovanitti,egiovanittil9@exblog.jp,Female,227.216.1.247
767,Wilhelm,Digger,wdiggerla@ovh.net,Male,140.27.138.243
768,Pru,Roddick,proddicklb@yahoo.co.jp,Female,223.211.236.110
769,Ariana,Corben,acorbenlc@mozilla.com,Female,133.192.110.245
770,Andromache,Dominiak,adominiakld@soundcloud.com,Female,23.141.61.110
771,Gillian,Pockett,gpockettle@1und1.de,Female,167.196.215.52
772,Florrie,Heffron,fheffronlf@weibo.com,Female,108.242.78.195
773,Feliks,Edson,fedsonlg@cam.ac.uk,Male,250.35.134.120
774,Doreen,Paolazzi,dpaolazzilh@amazon.co.uk,Female,145.227.9.64
775,Starla,Glusby,sglusbyli@wisc.edu,Female,211.93.185.91
776,Pansy,Lasslett,plasslettlj@huffingtonpost.com,Female,131.125.161.241
777,Melloney,Christopherson,mchristophersonlk@wordpress.com,Female,145.2.141.90
778,Waylen,Bowdery,wbowderyll@youku.com,Male,58.117.122.194
779,Meggi,Ruckhard,mruckhardlm@adobe.com,Female,157.86.54.206
780,Concordia,Cerro,ccerroln@themeforest.net,Female,122.10.168.123
781,Betteanne,Geharke,bgeharkelo@google.it,Female,57.26.92.196
782,Velvet,Mudle,vmudlelp@prnewswire.com,Female,54.19.154.104
783,Wynne,Conachy,wconachylq@thetimes.co.uk,Female,126.223.29.101
784,Tanitansy,Cleall,tclealllr@wordpress.org,Female,112.75.93.176
785,Delbert,Pyson,dpysonls@merriam-webster.com,Male,45.72.175.17
786,Alfonse,Tuiller,atuillerlt@oracle.com,Male,131.170.224.218
787,Dyanna,Paladino,dpaladinolu@nih.gov,Female,183.77.40.98
788,Derward,Champerlen,dchamperlenlv@bloomberg.com,Male,65.190.206.9
789,Moira,Senussi,msenussilw@samsung.com,Female,148.102.101.113
790,Romy,Stutely,rstutelylx@aol.com,Female,45.126.43.43
791,Magdalene,Grogona,mgrogonaly@elegantthemes.com,Female,7.118.205.124
792,Milly,Kloss,mklosslz@sogou.com,Female,5.10.84.212
793,Dulcine,McVittie,dmcvittiem0@state.gov,Female,17.95.254.253
794,Garth,Barnwall,gbarnwallm1@blog.com,Male,134.81.127.48
795,Jean,Maun,jmaunm2@ask.com,Male,129.218.2.83
796,Raviv,Kerner,rkernerm3@joomla.org,Male,105.251.13.86
797,Lem,Mc Grath,lmcgrathm4@soup.io,Male,174.210.182.76
798,Ebony,Gartshore,egartshorem5@google.co.jp,Female,76.182.97.224
799,Jordanna,Caldicot,jcaldicotm6@sbwire.com,Female,92.232.15.146
800,Cully,Tessyman,ctessymanm7@twitpic.com,Male,35.31.245.75
801,Tessi,Glanville,tglanvillem8@cnbc.com,Female,205.146.40.104
802,Fey,Elvins,felvinsm9@gov.uk,Female,205.211.51.244
803,Cherie,Weinberg,cweinbergma@opensource.org,Female,243.243.136.12
804,Peyter,Tull,ptullmb@yahoo.com,Male,150.71.112.172
805,Wernher,Guisot,wguisotmc@va.gov,Male,228.196.35.112
806,Saleem,Foskin,sfoskinmd@sourceforge.net,Male,40.182.102.56
807,Llywellyn,Holywell,lholywellme@columbia.edu,Male,23.67.128.145
808,Dominga,Tatlowe,dtatlowemf@whitehouse.gov,Female,182.137.127.42
809,Neddy,Dysert,ndysertmg@sakura.ne.jp,Male,70.220.177.5
810,Marylou,Brogi,mbrogimh@github.io,Female,12.120.28.234
811,Fernande,Brockhurst,fbrockhurstmi@themeforest.net,Female,225.100.232.241
812,Veriee,Fanshaw,vfanshawmj@webeden.co.uk,Female,135.151.14.47
813,Kurtis,Rowdell,krowdellmk@lulu.com,Male,132.172.17.127
814,Marlee,Matthaus,mmatthausml@creativecommons.org,Female,184.24.237.236
815,Bret,Jolly,bjollymm@php.net,Male,178.97.231.56
816,Innis,Dailly,idaillymn@sfgate.com,Male,10.183.196.123
817,Benjie,Blastock,bblastockmo@clickbank.net,Male,127.122.162.89
818,Ogdan,Speddin,ospeddinmp@cdbaby.com,Male,92.155.229.20
819,Jodie,Godlee,jgodleemq@netlog.com,Female,93.134.190.0
820,Brittani,Zannini,bzanninimr@mysql.com,Female,107.10.215.9
821,Kipper,Critch,kcritchms@bloomberg.com,Male,197.82.199.86
822,Elizabeth,Jacomb,ejacombmt@techcrunch.com,Female,8.1.219.98
823,Hernando,Erbe,herbemu@paypal.com,Male,183.18.197.47
824,Missy,Dunster,mdunstermv@walmart.com,Female,100.242.89.106
825,Jolynn,Saltmarsh,jsaltmarshmw@prweb.com,Female,67.208.92.163
826,Georgi,Blonfield,gblonfieldmx@homestead.com,Male,221.211.98.179
827,Chaim,McUre,cmcuremy@answers.com,Male,35.121.80.255
828,Petronilla,Chuck,pchuckmz@jigsy.com,Female,24.157.44.51
829,Eliza,Bestwerthick,ebestwerthickn0@apache.org,Female,122.213.12.8
830,Giles,Jerrold,gjerroldn1@nhs.uk,Male,96.166.186.127
831,Kip,Theodore,ktheodoren2@engadget.com,Male,155.120.21.76
832,Ali,Jerrim,ajerrimn3@desdev.cn,Female,192.173.208.152
833,Caresse,Trude,ctruden4@walmart.com,Female,132.181.55.24
834,Mavis,Sevitt,msevittn5@berkeley.edu,Female,21.217.31.251
835,Nolly,Snoden,nsnodenn6@ovh.net,Male,29.196.197.224
836,Marissa,Irdale,mirdalen7@shop-pro.jp,Female,101.38.193.80
837,Dennie,Riping,dripingn8@amazonaws.com,Male,88.235.233.220
838,Luz,Tutchings,ltutchingsn9@wikispaces.com,Female,143.173.169.41
839,Allie,Fessler,afesslerna@nasa.gov,Female,80.190.54.210
840,Keely,Sheldrick,ksheldricknb@miitbeian.gov.cn,Female,202.145.226.2
841,Montague,Perritt,mperrittnc@ihg.com,Male,205.8.111.28
842,Rolph,Seaborn,rseabornnd@google.fr,Male,35.68.181.186
843,Audre,Collcott,acollcottne@tuttocitta.it,Female,56.36.189.80
844,Lusa,Panchin,lpanchinnf@comsenz.com,Female,215.182.211.168
845,Benedikt,Bomfield,bbomfieldng@dailymail.co.uk,Male,251.213.16.197
846,Denis,Elphey,delpheynh@blog.com,Male,56.39.21.157
847,Minor,Pfeffer,mpfefferni@myspace.com,Male,52.237.37.94
848,Merrily,Walhedd,mwalheddnj@ifeng.com,Female,50.41.12.242
849,Christophe,Coaster,ccoasternk@uol.com.br,Male,240.111.99.10
850,Helene,Newitt,hnewittnl@tmall.com,Female,52.229.141.37
851,Aloysius,Millbank,amillbanknm@fotki.com,Male,67.174.255.220
852,Llywellyn,Ciementini,lciementininn@example.com,Male,106.58.43.36
853,Bambi,Kohtler,bkohtlerno@who.int,Female,33.133.190.137
854,Wash,Wellington,wwellingtonnp@wikimedia.org,Male,59.110.169.91
855,Trueman,Tewkesbury.,ttewkesburynq@diigo.com,Male,117.167.169.164
856,Eolanda,Ionesco,eionesconr@nationalgeographic.com,Female,8.34.171.169
857,Mickie,Kelberman,mkelbermanns@cyberchimps.com,Female,128.245.67.125
858,Lewie,Brady,lbradynt@theglobeandmail.com,Male,65.84.175.212
859,Sukey,Dolle,sdollenu@sina.com.cn,Female,119.8.7.83
860,Cassandre,Flobert,cflobertnv@mlb.com,Female,219.23.218.143
861,Guendolen,Dugget,gduggetnw@europa.eu,Female,215.106.106.239
862,Nobe,Reuben,nreubennx@squidoo.com,Male,78.239.96.151
863,Cassondra,Arnoult,carnoultny@theatlantic.com,Female,103.7.117.76
864,Mame,Makey,mmakeynz@narod.ru,Female,212.200.209.90
865,Cynthy,Geistbeck,cgeistbecko0@state.gov,Female,232.188.82.200
866,Sherill,Tubbs,stubbso1@about.com,Female,234.93.155.218
867,Al,Huggard,ahuggardo2@acquirethisname.com,Male,106.169.136.12
868,Kain,Graith,kgraitho3@quantcast.com,Male,167.52.212.59
869,Vonny,Cartmer,vcartmero4@mediafire.com,Female,121.142.207.200
870,Taffy,Allawy,tallawyo5@wordpress.org,Female,126.255.44.118
871,Efren,Sargood,esargoodo6@phpbb.com,Male,196.227.209.145
872,Noland,Korfmann,nkorfmanno7@yolasite.com,Male,245.128.66.78
873,Darcy,Ranken,drankeno8@wordpress.com,Male,214.100.114.223
874,Hadrian,Alenichev,halenichevo9@indiatimes.com,Male,14.151.137.155
875,Elke,Snadden,esnaddenoa@trellian.com,Female,188.81.50.113
876,Ryann,Antoniewicz,rantoniewiczob@utexas.edu,Female,236.57.204.41
877,Peta,Matyugin,pmatyuginoc@hc360.com,Female,215.254.150.234
878,Chad,Batterbee,cbatterbeeod@xrea.com,Male,136.115.179.14
879,Shannon,Alford,salfordoe@csmonitor.com,Male,97.94.148.103
880,Pam,Lattka,plattkaof@usa.gov,Female,173.14.143.129
881,Arabella,MacConchie,amacconchieog@techcrunch.com,Female,8.249.48.66
882,Karol,Meynell,kmeynelloh@yandex.ru,Female,84.95.10.10
883,Ariel,Guiu,aguiuoi@mysql.com,Male,218.22.21.85
884,Laurena,Momford,lmomfordoj@toplist.cz,Female,210.103.251.3
885,Sela,Haycroft,shaycroftok@who.int,Female,57.229.30.94
886,Larry,Hun,lhunol@posterous.com,Male,225.96.168.83
887,Maegan,Conor,mconorom@nsw.gov.au,Female,64.233.163.233
888,Ellwood,Oldcroft,eoldcrofton@chronoengine.com,Male,38.139.180.222
889,Ame,Hunnybun,ahunnybunoo@github.com,Female,197.33.187.224
890,Malachi,Bissatt,mbissattop@wikimedia.org,Male,146.134.27.66
891,Marline,Petkovic,mpetkovicoq@yale.edu,Female,224.202.49.199
892,Loree,McMeeking,lmcmeekingor@altervista.org,Female,124.70.193.13
893,Pauletta,McLanachan,pmclanachanos@qq.com,Female,111.244.132.115
894,Philippe,Scouller,pscoullerot@upenn.edu,Female,64.61.249.129
895,Daryl,Bettison,dbettisonou@springer.com,Female,154.214.9.40
896,Kim,Ullrich,kullrichov@netvibes.com,Male,128.187.167.77
897,Ruthy,Tonner,rtonnerow@furl.net,Female,135.197.93.173
898,Cathee,Virgo,cvirgoox@youku.com,Female,124.152.218.45
899,Dall,Shemming,dshemmingoy@macromedia.com,Male,66.78.141.142
900,Bendick,Bartholin,bbartholinoz@ed.gov,Male,47.175.109.79
901,Daphne,Jarrel,djarrelp0@youtu.be,Female,39.227.194.117
902,Reilly,Eastbury,reastburyp1@businessinsider.com,Male,247.67.84.92
903,Ekaterina,Vest,evestp2@home.pl,Female,12.21.206.155
904,Vin,Musso,vmussop3@usatoday.com,Male,123.76.175.28
905,Torrey,Murrhaupt,tmurrhauptp4@blogs.com,Male,211.139.47.74
906,Lorianna,Pigeon,lpigeonp5@1und1.de,Female,198.233.123.194
907,Osbourne,Guise,oguisep6@reference.com,Male,90.249.238.158
908,Cirillo,Bloss,cblossp7@theglobeandmail.com,Male,38.159.123.83
909,Jobina,Glandon,jglandonp8@feedburner.com,Female,30.119.86.157
910,Prentiss,Quipp,pquippp9@shinystat.com,Male,3.252.221.49
911,Tamara,Gruszecki,tgruszeckipa@ibm.com,Female,165.195.150.28
912,Gussi,Center,gcenterpb@php.net,Female,197.5.212.86
913,Taffy,Drinan,tdrinanpc@unicef.org,Female,179.15.89.75
914,Natalee,Howsan,nhowsanpd@github.com,Female,5.248.207.136
915,Otha,Megany,omeganype@shop-pro.jp,Female,106.85.42.102
916,Monroe,Dinneges,mdinnegespf@webeden.co.uk,Male,44.131.221.55
917,Barde,Mingay,bmingaypg@wisc.edu,Male,10.106.88.148
918,Halley,Rubert,hrubertph@washington.edu,Female,122.240.69.70
919,Gerhardt,Prando,gprandopi@dedecms.com,Male,125.247.53.230
920,Hernando,Bread,hbreadpj@yahoo.co.jp,Male,151.58.233.196
921,Lusa,Autry,lautrypk@tripadvisor.com,Female,221.52.247.28
922,Karolina,Tapper,ktapperpl@devhub.com,Female,146.67.186.234
923,Nye,O'Lochan,nolochanpm@engadget.com,Male,67.186.23.222
924,Jessalyn,Attawell,jattawellpn@odnoklassniki.ru,Female,26.103.226.106
925,Robinet,Faherty,rfahertypo@gmpg.org,Female,54.88.204.18
926,Ryun,Harhoff,rharhoffpp@alexa.com,Male,104.221.153.58
927,Hugo,Cluer,hcluerpq@cdbaby.com,Male,166.106.70.98
928,Ansel,Delle,adellepr@amazon.co.jp,Male,102.165.217.123
929,Harv,Grellier,hgrellierps@sogou.com,Male,142.240.132.171
930,Jennica,A'field,jafieldpt@state.gov,Female,4.118.96.138
931,Lora,McNish,lmcnishpu@marketwatch.com,Female,83.100.167.238
932,Alissa,Cookson,acooksonpv@accuweather.com,Female,100.233.180.21
933,Lorin,McFetridge,lmcfetridgepw@washington.edu,Male,249.175.224.136
934,Vinnie,Ainscow,vainscowpx@ed.gov,Male,1.223.33.24
935,Editha,Furbank,efurbankpy@seattletimes.com,Female,179.32.205.95
936,Norean,Lorrain,nlorrainpz@time.com,Female,155.197.103.4
937,Geoff,Itzhaki,gitzhakiq0@ted.com,Male,108.198.36.212
938,Cornelia,Grimsdell,cgrimsdellq1@princeton.edu,Female,186.215.135.57
939,Vaclav,Seckington,vseckingtonq2@whitehouse.gov,Male,105.192.56.62
940,Boris,Le Friec,blefriecq3@oaic.gov.au,Male,30.106.150.87
941,Dolli,Dunnet,ddunnetq4@sphinn.com,Female,207.121.67.86
942,Dorette,Hawyes,dhawyesq5@squidoo.com,Female,57.137.57.120
943,Phoebe,Abbay,pabbayq6@berkeley.edu,Female,110.148.240.46
944,Ellette,Dulwitch,edulwitchq7@flavors.me,Female,60.182.164.114
945,Kaia,Haggath,khaggathq8@harvard.edu,Female,104.230.137.129
946,Kirstyn,Vasyunkin,kvasyunkinq9@technorati.com,Female,14.223.135.216
947,Adolphus,Lamming,alammingqa@qq.com,Male,251.17.220.149
948,Emili,Harteley,eharteleyqb@eepurl.com,Female,123.92.168.153
949,Cchaddie,Latehouse,clatehouseqc@reference.com,Male,16.202.12.72
950,Shanie,Mateev,smateevqd@360.cn,Female,219.36.57.155
951,Christalle,Jinkinson,cjinkinsonqe@smh.com.au,Female,199.70.110.125
952,Ephrem,Powder,epowderqf@vistaprint.com,Male,170.46.204.245
953,Angelica,Camilleri,acamilleriqg@ebay.co.uk,Female,222.63.91.175
954,Pammie,Signe,psigneqh@gnu.org,Female,108.69.81.180
955,Creighton,Vasentsov,cvasentsovqi@eventbrite.com,Male,61.225.26.205
956,Burtie,Brownett,bbrownettqj@domainmarket.com,Male,79.185.184.5
957,Stephannie,Blundan,sblundanqk@mlb.com,Female,64.39.46.212
958,Milissent,Chaloner,mchalonerql@unc.edu,Female,16.225.186.158
959,Tildi,Giurio,tgiurioqm@technorati.com,Female,113.106.106.23
960,Tobias,Jaskiewicz,tjaskiewiczqn@hubpages.com,Male,72.30.106.58
961,Rowena,Stede,rstedeqo@mit.edu,Female,127.88.199.39
962,Dominique,Hanselmann,dhanselmannqp@noaa.gov,Male,85.107.59.54
963,Pyotr,Fiennes,pfiennesqq@opensource.org,Male,177.119.77.216
964,Corabel,Cherrison,ccherrisonqr@hubpages.com,Female,125.255.46.114
965,Quint,Gadeaux,qgadeauxqs@about.com,Male,225.80.41.2
966,Linda,Crepin,lcrepinqt@accuweather.com,Female,168.102.177.132
967,Aksel,OIlier,aoilierqu@nymag.com,Male,212.6.41.2
968,Dall,Cavy,dcavyqv@xinhuanet.com,Male,5.230.191.174
969,Sidney,Morden,smordenqw@berkeley.edu,Male,168.13.245.81
970,Faunie,Gullberg,fgullbergqx@earthlink.net,Female,228.108.46.136
971,Lulita,Galland,lgallandqy@dell.com,Female,154.120.209.114
972,Orton,Riall,oriallqz@house.gov,Male,217.239.187.47
973,Brigit,McMechan,bmcmechanr0@godaddy.com,Female,68.22.218.87
974,Cirstoforo,O'Harney,coharneyr1@bandcamp.com,Male,84.218.74.190
975,Fawne,Marzello,fmarzellor2@cdbaby.com,Female,2.140.232.160
976,Dewie,Blake,dblaker3@bloglines.com,Male,52.165.234.165
977,Araldo,Sames,asamesr4@admin.ch,Male,90.118.129.150
978,Ethan,Counter,ecounterr5@mapquest.com,Male,109.20.100.109
979,Juditha,Bach,jbachr6@nationalgeographic.com,Female,133.23.164.251
980,Olly,Zanioletti,ozaniolettir7@sohu.com,Female,71.204.144.39
981,Denny,Karlmann,dkarlmannr8@ucoz.com,Female,195.245.26.230
982,Sibley,Nolan,snolanr9@netlog.com,Female,19.45.202.68
983,Walsh,Gashion,wgashionra@mapquest.com,Male,216.81.242.90
984,Raleigh,Campanelli,rcampanellirb@over-blog.com,Male,35.188.77.184
985,Vita,Aberkirder,vaberkirderrc@hubpages.com,Female,101.85.82.148
986,Renell,D'Elia,rdeliard@boston.com,Female,35.17.82.160
987,Winna,Prince,wprincere@howstuffworks.com,Female,185.223.103.253
988,Agata,Leopard,aleopardrf@google.co.uk,Female,190.28.13.36
989,Levi,Runcie,lruncierg@jalbum.net,Male,134.244.94.82
990,Basia,Salterne,bsalternerh@upenn.edu,Female,172.100.97.64
991,Iseabal,Barrows,ibarrowsri@cyberchimps.com,Female,104.64.254.238
992,Moses,Tebald,mtebaldrj@xing.com,Male,140.225.220.235
993,Gill,Sandbach,gsandbachrk@lulu.com,Female,195.254.210.107
994,Trescha,Twells,ttwellsrl@histats.com,Female,162.85.40.184
995,Bunni,Traviss,btravissrm@behance.net,Female,154.42.221.88
996,Parsifal,Remer,premerrn@joomla.org,Male,28.8.25.131
997,Lombard,Roadnight,lroadnightro@youtube.com,Male,205.189.204.24
998,Rey,Maren,rmarenrp@yelp.com,Female,179.191.69.55
999,Jeniece,Ferri,jferrirq@nbcnews.com,Female,250.147.53.132
1000,Langsdon,Philipson,lphilipsonrr@github.io,Male,60.246.37.245
